Id,name,作者,author,relicTime,imageUrl,description,realUrl
1,脚杯,,nan,红山文化,https://www.cernuschi.paris.fr/sites/default/files/content/images/lpdp_72679-24.jpg,根据目前的考古数据，良珠文化中的聪是已知最古老的此类文物。然而，在中国南部和北部的其他文化中也发现了孔管：例如，在广东的石夏文化或山西的陶西遗址。,https://www.cernuschi.paris.fr/zh-hans/collections/collections/zhong-guo-guan-cang/hong-shan-wen-hua/gobelet-pied
2,明启雕像,,nan,商,https://www.cernuschi.paris.fr/sites/default/files/content/images/lpdp_34768-2.jpg,这种小雕像被称为明启，通常被描述为陪葬品。明器在东周（公元前770年至公元前256年）的发明及其在坟墓中的日益增多被认为是取代青铜时代陪伴高级死者到死后的人类祭祀的一种方式。,https://www.cernuschi.paris.fr/en/https%3A/www.cernuschi.paris.fr/fr/collections/collections-中文/尚时期/女士
3,老虎花瓶,,nan,商,https://www.cernuschi.paris.fr/sites/default/files/content/images/lpdp_24768-2_10.jpg,这件发现的考古背景尚不清楚。然而，根据口头传说，它起源于湖南，在长沙以西的安化县和宁乡县边界的微山脚下。有两个特征使得这种“南方”的起源是合理的。深绿色、几乎是黑色的青铜有着古老文人收藏所没有的光彩。但这是在湖南省发现的无可争议的碎片的外观。缩放器,https://www.cernuschi.paris.fr/en/https%3A/www.cernuschi.paris.fr/fr/collections/collections-中文/尚时期/老虎时期
4,方罍花瓶,,nan,商,https://www.cernuschi.paris.fr/sites/default/files/content/images/lpdp_24311-2_10.jpg,这件作品是安阳时期（约公元前1300年—约公元前1050年）方雷的特征。它有三个把手；其中两个放在肩膀上，用于提升船只。第三个，朝向身体底部，有一个牛头。船的前部装饰有一个肩部高度浮雕的公羊面罩。非常轻的浮雕图案覆盖了作品的其余部分；它们都说明了商时期使用的主位词汇。他们的安排与tha非常相似,https://www.cernuschi.paris.fr/en/https%3A/www.cernuschi.paris.fr/fr/collections/collections-中文/尚时期/花瓶-方莱
5,巴辛坚盆器,,nan,周,https://www.cernuschi.paris.fr/sites/default/files/content/images/lpdp_40375-1.jpg,许多体积较大的盆器在四世纪末和五世纪便已经出现，用来在宴会中保持酒的凉爽或是加热酒饮。亨利·赛努奇收藏的这件盆器是这类青铜器中最著名的作品之一，也是西方同类馆藏中最令人印象深刻的作品之一。器件腹部巨大的带状纹饰让人想起云和龙的形状，这一主题在西周末期开始流行，以相互交织的镂空微小几何图案为底纹，经常出现于晋朝时期山西侯马窑炉生产的青铜器上，该窑炉已出土了许多这样的模具碎片。,https://www.cernuschi.paris.fr/zh-hans/collections/collections/zhong-guo-guan-cang/zhou-zhao/bassin-jian
6,龙纹旗帜,,nan,周,https://www.cernuschi.paris.fr/sites/default/files/content/images/lpdp_47523-12_10.jpg,镂空的夔龙纹装饰风格明显，眼睛突出。两只锋利的爪子、背部的脊梁，裂开的下颚都十分显眼，一个套筒将其固定在一根轴上。我们不知道这样一根军旗是用来发号施令还是用来装饰运送货物的马车的。两个扣眼用来固定其它的装饰物，凭借其富有表现力的图案，这件旗帜体现了西周的美学。,https://www.cernuschi.paris.fr/zh-hans/collections/collections/zhong-guo-guan-cang/zhou-zhao/etendard
7,匾牌,,nan,周,https://www.cernuschi.paris.fr/sites/default/files/content/images/lpdp_34991-18.jpg,赛努奇博物馆的这块青铜虎符牌和在巴黎吉美亚洲艺术国家博物馆，以及阿特金斯美术馆的馆藏都有相似之处。二十世纪三十年代，古董商 C.T. Loo 手中有许多这样的符牌。虎身由绳纹刻画出它的条纹，同样的纹饰也出现在了Bashardar的石棺上，根据其碳14的含量测试可以确定出自公元前520年（前后误差不超过130年）。,https://www.cernuschi.paris.fr/zh-hans/collections/collections/zhong-guo-guan-cang/zhou-zhao/plaque
8,花瓶鼎,,nan,周,nan,nan,https://www.cernuschi.paris.fr/zh-hans/collections/collections/zhong-guo-guan-cang/zhou-zhao/vase-ding-ding
9,簋花瓶,,nan,周,https://www.cernuschi.paris.fr/sites/default/files/content/images/lpdp_144391-1.jpg,簋，向下鼓腹，有两个龙形耳，呈翼形，正在吞食一只仅剩尾翼的鸟。在西周末期，这种簋连接在方形底座上。西周初期沿袭使用商代动物类花纹，继承了公元前9世纪的低浮雕几何形状风格，清楚地显现在光裸的器壁上，但很难辨认出图案表达动物的外形。这里可以看到大波带纹勾勒出其装饰作用的大三角，是之前兽面纹时代的抽象化花纹。同样，颈部的镂空纹饰也是此地之前出土的文物上的龙纹抽象化风格。,https://www.cernuschi.paris.fr/zh-hans/collections/collections/zhong-guo-guan-cang/zhou-zhao/vase-gui-gui
10,壺瓶,,nan,周,https://www.cernuschi.paris.fr/sites/default/files/content/images/lpdp_55430-2.jpg,从公元前六到五世纪开始，在两种特殊技艺的支持下，采用多色复合材料的工艺风格开始盛行。第一种是在浇筑铜液之前在陶范中嵌入红铜，在2003年进入赛努奇博物馆馆藏这件馆藏上这种技艺得到了充分的体现。这一过程也许是受游牧民族纺织品的启发，起源于中国北方，然后通过楚国北境流入南方并取得辉煌成就。但是这一技艺非常复杂，需要工匠对整个流程特别熟练。另一技艺出现的年代更靠后，其图案富有立体感，往底部填充不同的材料，如绿松石、漆以及未被明确记载的糊状物。赛努奇博物馆的这件壶便由第二种工艺制造而成，混合有糊状物和一些绿松石碎片。在这种复合材料出现的同时期，也出现了人像装饰图案，特别盛行于中国北方。这件壶上的装饰讲述了五个故事，分别是：猎虎（老虎被矛刺穿并被弓箭手攻击），狩猎一只类似野猪的带角动物（受到一个带矛的人的威胁），猛禽展翅等。许多公共收藏中都有这类的壶器，一般为圆形或方形青铜壶，且饰有较为复杂的人像装饰。,https://www.cernuschi.paris.fr/zh-hans/collections/collections/zhong-guo-guan-cang/zhou-zhao/vase-hu-hu
11,花瓶雷罍,,nan,周,https://www.cernuschi.paris.fr/sites/default/files/content/images/lpdp_25900-12.jpg,罍是用来装酒的酒器，数量不多，在辽宁省喀喇沁左翼蒙古族自治县和四川彭州竹瓦均有出土。,https://www.cernuschi.paris.fr/zh-hans/collections/collections/zhong-guo-guan-cang/zhou-zhao/vase-lei-lei
12,花瓶卣,,nan,周,https://www.cernuschi.paris.fr/sites/default/files/content/images/lpdp_72360-6.jpg,此件卣缺少盖子和手柄，肚子上有头带羽冠两首相对的鸟纹。颈部的花纹更加精致，每一面都有一个突出的饕餮纹和两只身子波动起伏的鸟。手柄与器身的连接处是两个带有弯角的牛头。,https://www.cernuschi.paris.fr/zh-hans/collections/collections/zhong-guo-guan-cang/zhou-zhao/vase-you-you
13,神树神树,,nan,汉,https://www.cernuschi.paris.fr/sites/default/files/content/images/lpdp_25901-16.jpg,这件黑白双色的神树完全是可拆卸的，不同的部件通过榫和榫眼连接在一起。神树（神明树）在汉朝时被安放在陵墓中。最著名的是铜钱树，树枝上挂着铜币，保证来世繁荣，这是当时的时代特色。在四川的墓地中发现了不少这样的树。而这里的主题则与上述不同，包含有其它的象征意义。树干上用黑色线条在白色背景上勾勒出孔雀，孔雀出现在与西王母相关的神话故事中，在她所居住的仙境昆仑山拥有可使人长寿的桃园，东汉时和它相关的神话主题广泛流传。,https://www.cernuschi.paris.fr/zh-hans/collections/collections/zhong-guo-guan-cang/yi-zhao/arbre-divin-shenshu-shen-shu
14,葬礼灯底座,,nan,汉,https://www.cernuschi.paris.fr/sites/default/files/content/images/lpdp_72359-19.jpg,这个神话人物雕像被嵌合在带翅的银鲛圆形底座上。根据内部三角形的纹饰可以将这件灯的底座联系到华南地区出产的文物中。,https://www.cernuschi.paris.fr/zh-hans/collections/collections/zhong-guo-guan-cang/yi-zhao/base-de-lampe-funeraire
15,化妆品盒,,nan,汉,nan,在东京出光美术馆和京都的一家美术馆亦有收藏风格类似但更为繁琐精美的梳妆匣。,https://www.cernuschi.paris.fr/zh-hans/collections/collections/zhong-guo-guan-cang/yi-zhao/boite-cosmetique-lian-lian
16,装有梳子的盒子,,nan,汉,nan,在湖南长沙发现过很多“马蹄”状的盒子，所以这一区域很可能是它们的产地。专家认为这种上面有银饰镶嵌的盒子多出自东汉时期。它们中有出土于山东莱西县，现保存于北京国家历史博物馆，另斯图加特林登博物馆亦有收藏。,https://www.cernuschi.paris.fr/zh-hans/collections/collections/zhong-guo-guan-cang/yi-zhao/boite-contenant-des-peignes
17,腰带环,,nan,汉,https://www.cernuschi.paris.fr/sites/default/files/content/images/lpdp_35180-1.jpg,在湖南、新疆、和朝鲜北部也曾发现过这样的腰带环。赛努奇博物馆的这件藏品纹饰和其它几件不尽相同，一般来说环的牌面上会装饰有身体盘曲交错的龙，而这件腰带环上是一对虎。右边的母老虎侧身转向左边的公老虎，公老虎鬃毛较多且蓬松，右脚抬起，像是随时准备投入一场战斗，或是求爱成功的炫耀。动物的物种尚存争议，身体上的垂直条纹让人认为是老虎，而雄性动物的鬃毛又似乎不属于任何一种生物，所以有可能只存在于神话故事中，或者纯粹是一种艺术设计。,https://www.cernuschi.paris.fr/zh-hans/collections/collections/zhong-guo-guan-cang/yi-zhao/boucle-de-ceinture
18,腰带环,,nan,汉,https://www.cernuschi.paris.fr/sites/default/files/content/images/lpdp_35177-3.jpg,该类型的腰带环在俄罗斯的米努辛斯克、布鲁亚特以及中国辽宁地区都有发现，其最有可能是在西伯利亚东南部制造的。这些腰带环都都刻画了一种凶猛的野兽，可能是被猛禽包围的狼。迄今为止，在当地发掘的文物没有镀金。庞大的卵形图案，凹陷处镶有宝石，有时会被拿来和萨尔玛提亚出土的作品对比，但从地理位置上来说，不可能是那里生产的。,https://www.cernuschi.paris.fr/zh-hans/collections/collections/zhong-guo-guan-cang/yi-zhao/boucle-de-ceinture-0
19,砖,,nan,汉,https://www.cernuschi.paris.fr/sites/default/files/content/images/lpdp_25900-1.jpg,这块汉砖两面均有刻画。正面由三个重叠场景的人物装饰，版画由菱形边框围起并分开，这是西汉时期的特点。三幅草图用连续的网格纹构成了装饰图案的背景。相同类型的处理在江苏徐州万区侯陵墓出土的镜子上也有出现。我们并不能确定这些主题出现的时期，但它似乎描绘了战争和追捕。人物服饰的一些细节，特别是衣服底部的扇形褶皱和河南西川出土的一块小汉画砖上所描绘的看守的服装很相近。,https://www.cernuschi.paris.fr/zh-hans/collections/collections/zhong-guo-guan-cang/yi-zhao/brique
20,砖,,nan,汉,https://www.cernuschi.paris.fr/sites/default/files/content/images/lpdp_72679-60.jpg,这块长方形画像砖刻画得有六幅图案，四周环绕斜带状条纹样边框。其中前五幅图案相同。它们描绘了饮宴场景。中心有两个人物，应该是主人与客人进行着热烈的交谈，右侧人物稍小，可能地位低下，似乎正在用右手敲打一个器物。周围宴具罗陈，左边是带柄的酒壶，中间是两个耳杯的俯视图，右边是碗。在陕西凤翔也曾出土了一个相同的画像石。战国时期的青铜器上已经出现过饮宴主题的图案，酒和乐的元素与此主题密不可分。在复杂图案的器皿上，如狩猎的场景，会有动物的出现。此块画像石砖的下部就有些在山间奔腾的动物们。这块石砖上刻画的均为自然中真实存在的动物（野兔、母鹿、野猪等），而后来砖画的主题则多为神话中的奇珍异兽（独角兽、神兽等）,https://www.cernuschi.paris.fr/zh-hans/collections/brique-0
21,马型物品,,nan,汉,https://www.cernuschi.paris.fr/sites/default/files/content/images/lpdp_46241-1.jpg,在汉朝，陪葬物中有大量的马形物品。很长时间里中国人只懂得驯养小型蒙古马种，为抵抗占据长城以南的游牧民族匈奴的袭击，汉武帝不得不寻求西域的联盟。,https://www.cernuschi.paris.fr/zh-hans/collections/collections/zhong-guo-guan-cang/yi-zhao/cheval-0
22,马型物品,,nan,汉,https://www.cernuschi.paris.fr/sites/default/files/content/images/lpdp_36339-1_1_0.jpg,赛努奇博物馆同时收藏了另一件陶制无腿马俑，长57厘米。马腿应该也是木制，但也已缺失。通常古人会在马身上绘制一些图案，或配有皮质或丝制鞍具；这也解释今天我们看到的马身简素异常，亮点都集中到了古希腊“帕特农神庙”般雕塑风格的马头上。和其它二战前的考古挖掘类同，这匹马的身上没有绘画和着衣的痕迹，马俑由头身两部分组成，通过脖子连接。,https://www.cernuschi.paris.fr/zh-hans/collections/collections/zhong-guo-guan-cang/yi-zhao/cheval
23,埃尔贝耳杯,,nan,汉,https://www.cernuschi.paris.fr/sites/default/files/content/images/lpdp_25899-18.jpg,这种耳杯在汉朝十分流行，是非常成功的艺术品。它相对来说较大的尺寸，有质感的黑色调，精致的几何花卉图案，手柄和器皿边缘下方的银色都值得我们注意。根据装饰图纹的几何化：大的三角形和菱形，可以推断这个耳杯应该出自于西汉（公元前221-公元9年）。,https://www.cernuschi.paris.fr/zh-hans/collections/collections/zhong-guo-guan-cang/yi-zhao/coupe-oreille-erbei-er-bei
24,雕像,,nan,汉,https://www.cernuschi.paris.fr/sites/default/files/content/images/lpdp_34768-2.jpg,这种称为明器的人像经常被用来作丧礼陪葬品。东周（公元前770-256年）时明器的出现和它们的日益增多，实际上是一种取代青铜时代以人殉葬的习俗。,https://www.cernuschi.paris.fr/zh-hans/collections/collections/zhong-guo-guan-cang/yi-zhao/dame
25,丹苏塞人俑,,nan,汉,nan,统一的材质、大小，相同的造型风格，我们推测这组人型俑应该出自同一墓穴。这是放在死者附近的明器的特点。通过铁锹和簸箕可以分辨出其中之一是农民，象征着来世的经济基础。其它人物或多或少和宴会相关，是葬礼中重要的主题。可以看出有两个厨师，其中一位坐在一张矮桌前，正在处理一条鱼。其他三个人俑为宴会助兴（琵琶琴演奏者），为主人和宾客提供舞蹈演唱等娱乐活动。其中一人俑像古时的歌伎，手放在耳后控制声音。这些鲜明活泼，富有表现力的形象是四川省明器的特色，有大量的出土。,https://www.cernuschi.paris.fr/zh-hans/collections/collections/zhong-guo-guan-cang/yi-zhao/danseuse
26,古德扁壶,,nan,汉,https://www.cernuschi.paris.fr/sites/default/files/content/images/aze_cer09778_001_27.jpg,这种类型的扁壶，扁平，壶身水平膨胀，让人想起出现在公元前五世纪末四世纪初中国北方游牧民族的葫芦。这件扁壶的壶壁上有梅花桩样的花纹和虫蚀纹饰。赛努奇博物馆在1986年得到一件具有相同特征的青铜器。,https://www.cernuschi.paris.fr/zh-hans/collections/collections/zhong-guo-guan-cang/yi-zhao/gourde-bianhu-bian-hu
27,日布瓶,,nan,汉,https://www.cernuschi.paris.fr/sites/default/files/content/images/lpdp_46236-1.jpg,在汉朝，这样的瓶器也可以用来装药品，猫头鹰形状的瓶子较常见。通常，猫头鹰的头部可拆卸，充当瓶盖，而该藏品的开口则位于猫头鹰头部的正上方，这种不同寻常的样式并非随着时间的推移演变而来，而只是同类型器皿中的个例。,https://www.cernuschi.paris.fr/zh-hans/collections/collections/zhong-guo-guan-cang/yi-zhao/hibou
28,兽纹陶罐,,nan,汉,https://www.cernuschi.paris.fr/sites/default/files/content/images/lpdp_72687-4.jpg,赛努奇博物馆收藏的这件陶罐产自公元前1世纪到公元1世纪上半叶。瓿肚鼓起，手柄上有装饰兽面图案，罐身的上半部分有三条突出的环带。器身飞鸟的装饰图案由弦纹分割成两部分，同时让人联想到其同时代的青铜器的装饰图纹。,https://www.cernuschi.paris.fr/zh-hans/collections/collections/zhong-guo-guan-cang/yi-zhao/jarre-bu-pou
29,葬礼灯,,nan,汉,https://www.cernuschi.paris.fr/sites/default/files/content/images/lpdp_25901-15.jpg,此盏三盤长明墓灯样式非常特别，四只龙相互缠绕，中间这个即有胡子又有女性胸部特征的人像雌雄难辨是它最引人注目之处。,https://www.cernuschi.paris.fr/zh-hans/collections/collections/zhong-guo-guan-cang/yi-zhao/lampe-funeraire
30,饰品,,nan,汉,https://www.cernuschi.paris.fr/sites/default/files/content/images/lpdp_25908-3.jpg,它的装饰受汉代末期道教思想启发，门楣上绘羽人，也有可能是方相氏本人的形象，以确保冥间灵魂能安全出入，还有各种带翼神兽彼此相依。这些灵兽中包括多只老虎和龙，一只熊和一只鹿，这些都是传说中可以引导亡灵去阴间的动物。,https://www.cernuschi.paris.fr/zh-hans/collections/collections/zhong-guo-guan-cang/yi-zhao/linteau
31,多色雕像,,nan,汉,https://www.cernuschi.paris.fr/sites/default/files/content/images/lpdp_24572-2.jpg,赛努奇博物馆的这件作品是已知最大、保存最完好的一件。明亮的浅色勾勒突出了器腿，轻盈的笔触交错出脖子和嗉囊间的羽毛，专家根据深灰色陶土底质判断它来自中国北方。,https://www.cernuschi.paris.fr/zh-hans/collections/collections/zhong-guo-guan-cang/yi-zhao/oie
32,凤凰尾木质明器,,nan,汉,https://www.cernuschi.paris.fr/sites/default/files/content/images/lpdp_25905-11.jpg,此凤凰尾木质明器，线条简洁，翅膀和凤尾展开，借由一根细小的支架悬浮在空中，木架固定在一个薄板底座中，其造型的来源以及用途目前尚不清楚。,https://www.cernuschi.paris.fr/zh-hans/collections/collections/zhong-guo-guan-cang/yi-zhao/oiseau
33,雕塑,,nan,汉,https://www.cernuschi.paris.fr/sites/default/files/content/images/lpdp_71176-11.jpg,在中文里“熊”是表示勇敢或力量的“雄”的同音字。而熊强健的体魄加强了这个概念，汉朝时期，人们普遍认为熊有一种特殊的力量。就连战神蚩尤都拥有一只熊头。在秦始皇所建的皇家园林，上林苑中也曾养育有活熊。熊还和长生不死有联系，这可以追溯到汉武帝统治时期他所追求的永垂不朽。因此，熊在汉代的作品中经常出现。有些青铜器的支架和承重是熊形的。熊还是经常出现在祭台上的动物形象中的一种，如罍和香炉上经常会出现。它也会出现在石像上，如著名的山东吴家的祭坛。,https://www.cernuschi.paris.fr/zh-hans/collections/collections/zhong-guo-guan-cang/yi-zhao/ours
34,及腰长袍人俑雕塑,,nan,汉,https://www.cernuschi.paris.fr/sites/default/files/content/images/lpdp_25904-2.jpg,人像穿着一件垂到膝盖没有衣领以及腰身的长袍。因为着色均已缺失，我们无法得知这件袍子的确切款式。人像的尺寸和面部特征和编号MC10032到MC10040的无装士兵相近，但仍然不能确定此俑在逝者墓中的角色，究竟是士兵、仆人亦或守墓者。,https://www.cernuschi.paris.fr/zh-hans/collections/collections/zhong-guo-guan-cang/yi-zhao/personnage-masculin
35,兵俑雕像,,nan,汉,https://www.cernuschi.paris.fr/sites/default/files/content/images/lpdp_25902-2.jpg,这些兵俑雕像部分地保留了肉色。无衣饰，但曾有配套衣服和盔甲。肩膀上的孔用以支撑木制的手臂。1990年5月开始对杨陵进行挖掘，横跨咸阳市、泾阳县和山西高陵县，杨陵是西汉景帝的坟墓，出土了众多珍贵的考古素材。上千个这样的陶俑被埋入墓中，用来保护古墓入口。有时泥土中的矿物质会在人俑身上的盔甲、布料外衣和裹腿的绷带形成一层膜，对其起到保护作用。,https://www.cernuschi.paris.fr/zh-hans/collections/collections/zhong-guo-guan-cang/yi-zhao/personnage-masculin-0
36,汉砖柱,,nan,汉,https://www.cernuschi.paris.fr/sites/default/files/content/images/lpdp_25907-1_10.jpg,"这块汉砖柱是博物馆汉画像砖系列的最新一件馆藏，进一步丰富了赛奴奇此系列的藏品，是研究汉朝陵墓布局的宝贵凭据。
这块汉砖柱图案生机勃勃，正上方为饕餮纹，四面装饰着各种当时砖块上常见的纹饰主题如：车马、龙、骑兵射虎、亭台、迎宾、针形树等等。马车和骑兵在河南虞县出土的西汉时期的砖块上也有出现。今保存在芝加哥艺术馆（l’Art Institute de Chicago）来自露西·莫德（Lucie Maud Buckingham）捐赠的两块汉砖，也刻画有车马、迎宴、奇珍异树。类似的围猎图案也出现在了山西临潼出土的画砖中。",https://www.cernuschi.paris.fr/zh-hans/collections/collections/zhong-guo-guan-cang/yi-zhao/pilier
37,漆木桌,,nan,汉,https://www.cernuschi.paris.fr/sites/default/files/content/images/lpdp_25907-8.jpg,这块桌板可以说是赛努奇博物馆最珍贵的藏品，表面装饰红黑色交替，两块枕木在背面加固。其中一角有一个突出的小木块，应该是桌脚残留下来的。脚的出现让桌板更像是小型桌子“几”中的一件，而不是真正的桌台（案）。发现的第一件漆木桌可以追溯到公元前5世纪（发现于湖北睢县一位王侯的陵墓中）。现已证实了西汉时期便有桌子的存在。马王堆有发现和茶几类似的桌子，两种桌子都是用来摆放装小吃的容器的，这其中还有漆木的杯子和盘子。黑色的底纹上用红褐色精心地雕画出小蚯蚓、云彩和昂首的鸟儿等图案。这些图案与滕仁生先生1992年所定义的两种类型十分相似。根据腾先生研究述说，这些鸟儿像是战国时期楚国的葬礼礼器中经常出现的凤凰的简化版。而这些虫蚀状的图纹则和在长沙发现的漆木上的装饰类似。,https://www.cernuschi.paris.fr/zh-hans/collections/collections/zhong-guo-guan-cang/yi-zhao/plateau-superieur-dune-table-basse
38,羽觞手柄,,nan,汉,nan,这对手柄呈现出一只爬行的虎，和出现在汉朝时期许多同类物品中相似：身体扭曲，肌肉强壮。它的线条让人想起极具汉朝特色的耳杯（亦称羽觞）的手柄。在两件手柄弯曲的内边缘处都出现了双层器壁，并且通过漆木与杯身连接。两个手柄大小相近，但是断裂处和形状有着细微的差别；这证实它们虽然用途相同，却不是来自同一件物品。战国和西汉时期，特别是南方的陵墓中常常保存有一组这样的器皿，并且都存放在同一个盒子。虽然汉朝时盘子上有可抓取的圆环或是镶嵌有银牌已经很常见，但是这样精致的镀金青铜手柄使得这两件文物别具一格。,https://www.cernuschi.paris.fr/zh-hans/collections/collections/zhong-guo-guan-cang/yi-zhao/poignee
39,巫师俑,,nan,汉,nan,古代葬礼通常由一位巫师举办一场复杂的仪式，其手里挥舞着木制的长矛来进行驱邪，而这样的仪式随着历史的发展早已被淘汰。此类仪式的目的在于净化恶灵，防止它们日后干扰，使坟墓成为死者尸体的庇护所。在墓室中放置这些巫师俑便是出于这样的考虑，即抵御恶灵对坟墓的侵犯。在东汉和三国（221-265年）时期，人们还会在这些仪式中加入神话恶兽，这些恶兽的脊柱被一排尖锐的赘疣戳穿，极为可怕。,https://www.cernuschi.paris.fr/zh-hans/collections/collections/zhong-guo-guan-cang/yi-zhao/sorcier
40,圆柱形装饰品,,nan,汉,https://www.cernuschi.paris.fr/sites/default/files/content/images/lpdp_75290-8.jpg,除了生产区的多种可能性，对作品所属时代的定义也只能是尝试性的，可能是战国（公元前481-221年）末期，秦朝时期（公元前221-207年），但更可能是西汉初期（公元前206-公元9年）。,https://www.cernuschi.paris.fr/zh-hans/collections/collections/zhong-guo-guan-cang/yi-zhao/tube
41,螺旋装饰花瓶,,nan,汉,https://www.cernuschi.paris.fr/sites/default/files/content/images/lpdp_25899-17.jpg,在亨利·赛努奇的遗赠中有一件非常神秘的青铜瓶器（编号MC621），它吸引了汉学家达登（Henri d'Ardenne de Tizac）的注意，并在1926年被展出。其瓶肚饰有有四个巨大的螺旋纹饰，采用对称的形式排列。许多同类型的陶瓷花瓶同样引起了爱好者的注意。其中一些长期保存在西方博物馆，如大英博物馆、檀香山艺术博物馆和一些私人收藏。这些藏品往往呈现亮黑色，同时也有其它不同的色系，从该藏品的浅米色到深灰色，色彩十分丰富。,https://www.cernuschi.paris.fr/zh-hans/collections/collections/zhong-guo-guan-cang/yi-zhao/vase-decor-spirale
42,蚕茧形器皿,,nan,汉,https://www.cernuschi.paris.fr/sites/default/files/content/images/lpdp_24908-4.jpg,这种蚕茧形器皿始出现于战国时期，圆圈纹饰裸胚黑陶制成。赛努奇博物馆保存的这件水壶便是如此，高31.5厘米，长36厘米。通过显眼的网格纹和一些红色的痕迹在黑色的陶土上构出一条长方形条幅。这样的纹饰在这样光滑上漆的黑陶器皿中很少见。河北中山府曾经出土过公元前四世纪同类型的文物。最老式的茧形壶一般无器足，通常有一些或凸起或凹陷的网状纹，和一些刮擦划痕。,https://www.cernuschi.paris.fr/zh-hans/collections/collections/zhong-guo-guan-cang/yi-zhao/vase-cocon
43,花瓶鼎,,nan,汉,nan,同样是漆器，这件作品则采用了更加昂贵和精致的干漆工艺（脱胎），这一工艺已被证实从战国时期（公元前481-221年）开始已经开始使用。通过在液体漆上覆盖夏布（麻布）或绸布进行加工制作，这一步骤使得制作出来的成品非常轻巧，就像这件鼎一样，而鼎是厨具中最常见的一种。,https://www.cernuschi.paris.fr/zh-hans/collections/collections/zhong-guo-guan-cang/yi-zhao/vase-ding-ding
44,方壶瓶,,nan,汉,nan,彩绘的方壶出奇多的被西方收藏家们青睐，Jean Sauphar先生的藏有法国最古老最著名的方壶之一。彩绘方壶有两大类。1995年赛奴奇博物馆得到的一对方壶形状矮胖，属于描金类。,https://www.cernuschi.paris.fr/zh-hans/collections/collections/zhong-guo-guan-cang/yi-zhao/vase-fanghu-fang-hu
45,温酒尊青铜器皿,,nan,汉,https://www.cernuschi.paris.fr/sites/default/files/content/images/lpdp_72687-2.jpg,这件青铜器的特征是，浅绿色合金和井井有条的图案由几何形组成的装饰带区分开。这类特征区别于中国北方都城陕西西安和河南洛阳附近发现的文物，所以应属于中国南方。,https://www.cernuschi.paris.fr/zh-hans/collections/collections/zhong-guo-guan-cang/yi-zhao/vase-wenjiuzun-wen-jiu-zun
46,十二生肖俑像,,nan,六朝,nan,"十二生肖计算着一天中的不同时辰（古代中国一天只有十二个时辰，一个时辰相当于今天的两个小时）。配合十二地支，亦用十二生肖代表以十二年为一轮的不同年份。
依次有：鼠、牛、虎、兔、龙、蛇、马、羊、猴、鸡、狗和猪。
汉朝时就有过相关记载，但是直到六朝时期才开始出现以其为主题的雕像，并在隋唐（即6-9世纪）时频繁出现在丧礼仪器中。它们经常出现在站着或者跪坐的人形雕像上，只是人头被兽头取代。
通常情况下物品做工较为粗糙，但博物馆中的藏品大小适中，面部表情保存良好。巨大的身体呈站立姿势，而头颅较小，做工精细，这是六朝时期典型的风格。
这套完整的俑像在考古过程中极少出现，因为它们经常在坟墓中就残缺破损。赛努奇博物馆有五件这样的收藏。其中，虎的雕像鼻尖扁平，带有猫科动物独有的斑点，极具表现力；而狗的雕塑往往带有猎兔狗的长鼻子；另外，在日本江户时代的青铜器中也出现过龙的雕塑作品；蛇姿态灵活，神态高傲；猴脸部则被刻画得惟妙惟肖；鸡雕像的鸡冠让其显得趾高气昂。",https://www.cernuschi.paris.fr/zh-hans/collections/collections/zhong-guo-guan-cang/liu-zhao-shi-qi/animal-horaire-tete-de-dragon
47,镇墓俑,,nan,六朝,https://www.cernuschi.paris.fr/sites/default/files/content/images/lpdp_25901-1.jpg,东汉时期（25-220年）为了保护陵墓不受恶灵攻击，陵墓中通常会有一个手臂高抬，持矛的兵俑，其矛往往易变质腐坏。西晋（265-316年）时可能是因为葬礼仪式里开始配有面具，镇墓俑的面部也被塑造的更加凶狠狰狞。这种怪兽模样的守墓者背上长角，在当时的墓葬中变得越来越常见。它被称为镇墓俑，功能也被分为两份，武士俑和天王俑，同时还有一对“镇墓兽”相伴。北齐（557-577年）时，陵墓中一共会放六个小雕像，一对武士俑、一对天王俑和一对镇墓兽。隋朝（581-618年）开始，由佛教四大方位护法和四大天王护法来守护陵墓。,https://www.cernuschi.paris.fr/zh-hans/collections/collections/zhong-guo-guan-cang/liu-zhao-shi-qi/bete-gardienne-du-tombeau-zhenmushou
48,佛像,,nan,六朝,https://www.cernuschi.paris.fr/sites/default/files/content/images/lpdp_25899-10.jpg,"在佛教中有前世，今生和来世，每一世都有一个统治佛陀，弥勒佛则是未来佛，因为还未修行到位，仍被称为菩萨。
北魏（386-534年）时期，佛教还未完全在社会稳定，虽然是当时的“主流宗教”，却因太武帝（424-452年）信奉道教，在其统治时期，佛教遭受到了沉重的打击。文成帝（452-465年）继位后，下令复兴佛教，并在昙曜和尚的坚持下，为了赎罪，文成帝决定修建云冈石窟。这座佛像便出自云冈石窟其中一窟当中。
传统的佛像形象是坐姿，双腿悬垂，有时同此造像一样脚踝交错，。这尊佛像呈现了典型云冈石窟初期雕像风格和特色。",https://www.cernuschi.paris.fr/zh-hans/collections/collections/zhong-guo-guan-cang/liu-zhao-shi-qi/bodhisattva
49,观世音菩萨佛像,,nan,六朝,https://www.cernuschi.paris.fr/sites/default/files/content/images/lpdp_24505-2.jpg,"拓跋氏是北魏（386-534年）的君主，他们在平城，即今山西大同，建立了北魏的第一个都城。佛教虽然是当时的“主流宗教”，却因太武帝（424-452年）信奉道教，在其统治时期，佛教遭受到了沉重的打击。文成帝（452-465年）继位后，下令复兴佛教，并在昙曜和尚的坚持下，为了赎罪，文成帝决定修建云冈石窟，并请来一些印度僧人作参谋。对释迦摩尼生活的描述构成了大乘佛教佛祖和菩萨肖像集的基础部分。在许多佛像中，“觉醒”（菩萨）、弥勒等菩萨在后来在中国深受推崇。当现世行将终结时，佛祖降世，将南赡部洲变为一片净土。
传统的佛像形象是坐姿，双腿悬垂，有时像这里脚踝交错。这个细节可以区分出云冈石窟中的弥勒菩萨，因为当时肖像还没有那么的多样化。这种假设今天已不成立，因为除了弥勒佛很多菩萨也是这样的坐姿。
云冈石窟最初的雕像造型颇受西域的影响。该雕像底座饰有棕叶形边饰，身形与衣履贴合紧密。",https://www.cernuschi.paris.fr/zh-hans/collections/collections/zhong-guo-guan-cang/liu-zhao-shi-qi/bodhisattva-avalokitesvara
50,彩陶中红色榻,,nan,六朝,https://www.cernuschi.paris.fr/sites/default/files/content/images/cer24908-5_1_0.jpg,"虽然说中文里用汉字“榻”（床）形容这一类物品，但是这类放在墓室最深处的底座是用来放死者的石棺的，或者其它陪葬物品。榻由石制的“门楣”构成，带有三个方脚。
除了多伦多、克利夫兰和布鲁塞尔以外，其它地方存有的榻虽清晰程度不尽相同，但都有同样的图案。器皿中间的足部饰有兽面，用来预防恶灵侵袭，这种怪兽有时会被联想到中国古代用来装饰的饕餮纹，有时会被联系到一些动物的形象。赛努奇博物馆的这件榻上的图案损坏严重，难以辨认，属于第一种。
两侧的足上图案是面露愤怒带翼的神兽。在这些带翼、跳跃的神兽下面，是带翼的老虎，带有进攻性地前进。这些神兽中有一个伸着舌头被称为“长舌”，其它两只牙齿突出，被认为是“闪电”。
“梁”上部的装饰依旧令人迷惑，这些边缘上装饰着神兽，通常是雕刻上去的，但是却难以辩认，有时重复，有时对称。一般类似的器物上都装饰得有龙和鸟的形象，但是很难辨认出赛努奇博物馆的这件作品上的这些神话动物。这些带翅膀的怪兽每六个为一个系列，以中间为轴，对称排列。
此外，一般榻还有一种特殊的纹饰，即它们的横木下半部饰有风格鲜明的波浪图案，如果没有详细的中文解释，很难给这些图案一个明确的意义 。赛努奇博物馆的这件作品仍有彩陶中红色的痕迹。",https://www.cernuschi.paris.fr/zh-hans/collections/collections/zhong-guo-guan-cang/liu-zhao-shi-qi/catafalque
51,骑士人俑,,nan,六朝,https://www.cernuschi.paris.fr/sites/default/files/content/images/lpdp_24506-2.jpg,和西方沉重的盔甲相反，中国人找到一种适用于骑兵快速移动的特点的技术来制作轻便的皮质盔甲，战马也被一种可拆卸的薄片保护。从这件藏品的水平条纹上可以清晰地看出。骑兵还穿有一件柔韧的护胸，马的头上也配戴着一个专门的护具。,https://www.cernuschi.paris.fr/zh-hans/collections/cavalier-0
52,骑士人俑,,nan,六朝,https://www.cernuschi.paris.fr/sites/default/files/content/images/lpdp_48119-1.jpg,人物所持象牙号角，而在魏朝时，乐者的雕像往往没有这一乐器；而且这个人物也没有盔甲，所以他应该是围猎时的角色之一。,https://www.cernuschi.paris.fr/zh-hans/collections/collections/zhong-guo-guan-cang/liu-zhao-shi-qi/cavalier
53,骆驼人俑,,nan,六朝,https://www.cernuschi.paris.fr/sites/default/files/content/images/lpdp_24572-4.jpg,很早以前，亚欧大陆上对具有异域风情的珍稀物品的交易就开始流行。公元一世纪开始，大国的存在一定程度上保证了商旅之人的安全，也造就了“丝绸之路”的空前发展。沙漠的商队通过陆路和海路将各种珍贵物品和香料运输到各地的市场。在人类纪元的第一个千年中，这一国际贸易发展到了顶峰。公元四世纪到九世纪期间，在中国有很多异域人，有时可以成功通过着装来确定他们的身份，有时又较困难。例如我们会通过头上戴的卷边高高的尖顶帽子来辨识粟特人，可惜赛努奇博物馆这个骑骆驼的人的帽子没能够给我们提供过多的属地线索。,https://www.cernuschi.paris.fr/zh-hans/collections/collections/zhong-guo-guan-cang/liu-zhao-shi-qi/chamelier
54,军事官员人俑,,nan,六朝,https://www.cernuschi.paris.fr/sites/default/files/content/images/lpdp_25899-4.jpg,这件馆藏与旧金山亚洲艺术博物馆一件著名的明器颇有渊源，在赛努奇博物馆前馆长René-Yvon Lefebvre d'Argencé的推动下，该藏品得以与公众见面，而René-Yvon 后成为旧金山亚洲艺术博物馆首任馆长。这两件文物在高度上略有差异，巴黎的这件藏品为64.7厘米，加利佛尼亚的藏品为62.2厘米，但是这两件文物有可能原本是一对，盔甲、脸部和脚的处理细节完全一致。发型的差异恰恰显示了在一个大户族中的不同职责，袖子的褶皱和衣衫的差异赋予了这两件作品独特性，却也加强了它们的相似性。这件由舒尔曼夫妇捐赠给博物馆的明器的衣物塑造薄贴，让人联想到公元528年洛阳袁绍墓中发现的士兵俑。,https://www.cernuschi.paris.fr/zh-hans/collections/collections/zhong-guo-guan-cang/liu-zhao-shi-qi/fonctionnaire-militaire
55,坟墓守护者人俑,,nan,六朝,https://www.cernuschi.paris.fr/sites/default/files/content/images/lpdp_24571-5.jpg,东汉时期（25-220年）为了保护陵墓不受恶灵攻击，陵墓中通常会有一个手臂高抬，持矛的兵俑，其矛的材质往往易变质腐烂。西晋（265-316年）时可能是因为葬礼仪式里开始配有面具，镇墓俑的面部也被塑造的更加凶狠狰狞。,https://www.cernuschi.paris.fr/zh-hans/collections/collections/zhong-guo-guan-cang/liu-zhao-shi-qi/gardien-de-tombe
56,乐伎人俑,,nan,六朝,https://www.cernuschi.paris.fr/sites/default/files/content/images/lpdp_55161-3.jpg,浮雕部分是飞天乐神的形象，它可以用来装饰洞顶的拱石或是开口处的小型拱廊，或是佛祖和菩萨雕像的壁龛。这种小神像在佛教和印度教中很常见。博物馆的这件属于乾达婆的一种，为众神之首因陀罗演奏的乐伎，同住在美妙绝伦的乾达婆城中。,https://www.cernuschi.paris.fr/zh-hans/collections/collections/zhong-guo-guan-cang/liu-zhao-shi-qi/musicien-celeste
57,尿壶,,nan,六朝,nan,造型细节来看，赛努奇博物馆的这件虎子和多伦多安大略皇家博物馆的馆藏很相似，同时也和永康十二年（301年）山东邹城刘宝墓出土，永嘉七年（313年）在浙江绍兴凤凰山的一个坟墓中出土的虎子很是相同。,https://www.cernuschi.paris.fr/zh-hans/collections/collections/zhong-guo-guan-cang/liu-zhao-shi-qi/recipient-en-forme-durinal-huzi-hu-zi
58,菩萨头像,,nan,六朝,https://www.cernuschi.paris.fr/sites/default/files/content/images/lpdp_24571-1.jpg,北魏灭亡后，中国北方政权四分五裂，却诞生出多处艺术圣地。这座菩萨头像的额头上缠绕着一种冠冕的发饰，独特风格；眉弓自鼻梁开始延伸，弯曲弧度完美，发型也经过精心设计。这件佛头像来自Jacques Doucet (1853-1929)的收藏，1913年以来被多本画册文献选刊介绍，例如奥斯伍尔德·喜仁龙（Osvald Sirèn）所著《中国雕塑》（La Sculpture chinoise）第二卷。,https://www.cernuschi.paris.fr/zh-hans/collections/collections/zhong-guo-guan-cang/liu-zhao-shi-qi/tete-de-boddhisattava
59,佛头,,nan,六朝,https://www.cernuschi.paris.fr/sites/default/files/content/images/lpdp_55161-7.jpg,这座佛陀的头部造像具有魏朝末期和北魏时期两种造型风格的结合。卷曲的发绺覆盖了整个头部，并且带有明显的肉髻。这与同时期敦煌壁画上头像的螺旋发绺不尽相同。,https://www.cernuschi.paris.fr/zh-hans/collections/collections/zhong-guo-guan-cang/liu-zhao-shi-qi/tete-de-buddha
60,观世音金像,,nan,隋唐,https://www.cernuschi.paris.fr/sites/default/files/content/images/lpdp_25903-16_10.jpg,nan,https://www.cernuschi.paris.fr/zh-hans/collections/collections/zhong-guo-guan-cang/sui-tang/avalokitesvara
61,粟特人雕像,,nan,隋唐,https://www.cernuschi.paris.fr/sites/default/files/content/images/lpdp_25898-1.jpg,据苏珊·瓦伦斯汀（Suzanne Valenstein）最近对这些作品的考古研究，帽子的边缘上翘，鼻梁突出，鼓鼓的眼睛和浓密的胡须，这座肖像的原型似乎是粟特人，他们以丝绸之路上酒商的身份闻名。,https://www.cernuschi.paris.fr/zh-hans/collections/collections/zhong-guo-guan-cang/sui-tang/barbare-la-corne
62,观世音菩萨佛像,,nan,隋唐,https://www.cernuschi.paris.fr/sites/default/files/content/images/lpdp_24571-8.jpg,左手持有装着甘露的净瓶是观音菩萨最常见的形象之一，此瓶有时会与弥勒菩萨用来装给苦行者提供水的瓶子相混淆。,https://www.cernuschi.paris.fr/zh-hans/collections/bodhisattva-0
63,小牛雕像,,nan,隋唐,https://www.cernuschi.paris.fr/sites/default/files/content/images/lpdp_24593-9.jpg,用来拉车的小牛雕像似乎在公元二世纪就已经出现。1972年在甘肃省武威县的汉陶坡发现的木俑就是最古老的证据之一。这种陶瓷类型的明器出现在长江中游地区比较多，他们的使用将逐渐在北方蔓延。玛丽·德瑞斯·博博特（Marie-Thérèse Bobot）在其著作中引用了山西和河南五世纪和六世纪时的几个样本。,https://www.cernuschi.paris.fr/zh-hans/collections/collections/zhong-guo-guan-cang/sui-tang/boeuf-attele
64,佛陀说佛像,,nan,隋唐,https://www.cernuschi.paris.fr/sites/default/files/content/images/lpdp_55161-4.jpg,这座佛造像由著名时装设计师、艺术品收藏家雅克·杜塞（Jacques Doucet）捐赠，袈裟、眉心的白毫还有肉髻等方面可表其身份。由于佛像前臂和手掌缺失，不能判断其手势和造像的意义。,https://www.cernuschi.paris.fr/zh-hans/collections/collections/zhong-guo-guan-cang/sui-tang/buddha-dit-doucet
65,半身仕女木雕,,nan,隋唐,https://www.cernuschi.paris.fr/sites/default/files/content/images/lpdp_53731-9.jpg,这件半身仕女木雕体现出唐朝宫廷中流行装束。她的头发被盘成一个发髻，高挽于头顶。帔帛环绕肩背之上，遮住长裙领口，露出颈部的珍珠项链。其圆润的脸庞和蝴蝶眉优雅地望向左手边，手中本应持一物件。长裙和发型的风格令人联想到出现在章怀太子李贤之墓（公元684年，位于陕西）和懿德太子李重润之墓（公元701年）里的宫廷女子画像中的妆扮。,https://www.cernuschi.paris.fr/zh-hans/collections/collections/zhong-guo-guan-cang/sui-tang/buste-de-femme
66,西域服饰女俑,,nan,隋唐,https://www.cernuschi.paris.fr/sites/default/files/content/images/lpdp_24908-13_10.jpg,这些女俑身着西域风格的服饰（胡衣），面庞圆润，代表了13世纪受杨玉环影响下的审美观念。2个发髻安置鬓角两旁，似古时男童样。眼睛细小狭长，樱桃小嘴，神态自然，面带微笑，各具风情。,https://www.cernuschi.paris.fr/zh-hans/collections/collections/zhong-guo-guan-cang/sui-tang/cavaliere-musicienne
67,骆驼像,,nan,隋唐,https://www.cernuschi.paris.fr/sites/default/files/content/images/lpdp_24908-11.jpg,世界各大亚洲艺术博物馆都至少藏有一件类似的骆驼像。例如大英博物馆的一套发现于河南洛阳刘庭训之墓（逝于728）三彩明器，。,https://www.cernuschi.paris.fr/zh-hans/collections/collections/zhong-guo-guan-cang/sui-tang/chameau
68,烛台,,nan,隋唐,https://www.cernuschi.paris.fr/sites/default/files/content/images/lpdp_25901-20.jpg,汉朝开始，烛台成为常见的陪葬物品，造型经常涉及龙元素，如已知的一些唐朝的烛台。馆藏的烛台出现在六世纪，造型相对简洁。在旧金山亚洲艺术博物馆有类似收藏。,https://www.cernuschi.paris.fr/zh-hans/collections/collections/zhong-guo-guan-cang/sui-tang/chandelier
69,木雕马像,,nan,隋唐,https://www.cernuschi.paris.fr/sites/default/files/content/images/lpdp_25906-13.jpg,唐朝君主对军马场十分重视。据估算，在建朝之初，军队所拥有的马匹数量仅在5千匹左右，而到了12世纪已攀升至70万匹。菲尔干纳地区对于马匹的需求及沙漠商队控制丝绸之路上茶马道的意愿，促使中原地区自西汉之后，再次对中亚地区进行政治扩张。唐太宗（627-649）曾下令逐步征服塔里木盆地附近的小国。,https://www.cernuschi.paris.fr/zh-hans/collections/collections/zhong-guo-guan-cang/sui-tang/cheval-0
70,木雕马像,,nan,隋唐,https://www.cernuschi.paris.fr/sites/default/files/content/images/lpdp_88610-7.jpg,中国古代墓穴中曾出土大量与马有关的陪葬品，体现出贵族阶级对种马场和马术的重视。昭陵六骏（装饰唐太宗之墓的六匹高浮雕石雕战马）就是个极佳的例子（如今分别保存在西安碑林博物馆和费城宾夕法尼亚大学博物馆）。无论是汉代的野马、魏代的战马、亦或是唐代的舞马，陶瓷工匠们都尽力逼真地还原了这些马的姿态、品种和神态。继风靡三国六朝时期短小精悍的蒙古马之后，唐朝从费尔干纳引进了上等宝马。十三世纪的墓穴中摆放的明器越来越多，一个中等大小的墓穴，譬如位于陕西的惠庄太子之墓（公元724年）中就有不下一千件，其中一半都与马有关。赛努奇博物馆这两件陶制舞马俑，和其它战马、野马、奔马一样，被士兵、鹰猎者、舞者、乐者或击鞠者所驾驭，一切都那么栩栩如生。除彩绘陶俑外，许多马型明器在坯土烧制成陶俑后被施上一层含铅的三种颜色釉，即唐三彩，釉中的金属氧化物使得动物皮毛呈栗色或花斑色。,https://www.cernuschi.paris.fr/zh-hans/collections/collections/zhong-guo-guan-cang/sui-tang/cheval
71,杯子,,nan,隋唐,https://www.cernuschi.paris.fr/sites/default/files/content/images/lpdp_25906-17.jpg,这件米色泛绿的小碗，内写有深棕色的古阿拉伯变形图形，碗内壁及外口沿有三个褐色彩斑装饰。这种阿拉伯风格装饰可以在长沙梅荫堂收藏的一个碗和台北国立博物馆的另外两件藏品中找到。与赛努奇博物馆这件藏品相似的还有由尼科拉玛拉特纳（M. P. Nikramaratna）分别捐赠给大英博物馆以及为了纪念他的妻子捐给维多利亚和阿尔伯特博物馆（Victoria and Albert Museum）的两件收藏。这种独特图案也许源自线条化植物的想法。,https://www.cernuschi.paris.fr/zh-hans/collections/collections/zhong-guo-guan-cang/sui-tang/coupelle
72,雕刻板,,nan,隋唐,nan,"另一块 (MC 9945b)壁画, 画面更加简洁,上面绘有一位体态丰腴的年轻仕女。受贵妃杨玉环 (杨贵妃) 745到756年在皇宫里的形象影响，这一体态样貌在八世纪非常流行；与MC9945a 号壁画背面的身材窈窕的女侍形成鲜明对比, 表明此壁画的绘制时间晚于前者。",https://www.cernuschi.paris.fr/zh-hans/collections/collections/zhong-guo-guan-cang/sui-tang/dalle-gravee
73,两座侍女俑,,nan,隋唐,https://www.cernuschi.paris.fr/sites/default/files/content/images/lpdp_72199-60.jpg,这两座侍女俑应该是出自同一陵墓，并且大部分彩釉都保存完好。身着多幅长裙，这是隋朝（589-618年）和唐朝（618-907年）初期很受欢迎的款式，在八世纪初才逐渐过时。她们的另一特点是“单刀半翻髻”发型，也是在7世纪时普遍流行。,https://www.cernuschi.paris.fr/zh-hans/collections/collections/zhong-guo-guan-cang/sui-tang/deux-suivantes
74,坟墓守护者,,nan,隋唐,https://www.cernuschi.paris.fr/sites/default/files/content/images/lpdp_24908-8.jpg,其中一些细节同样引人注目，比如武士的护肩铠甲及浓密的眉毛。此类细节并未出现在陕西和河南两地的考古发现中。根据其浅褐色的陶土质，推测它应是来自于中国南方。,https://www.cernuschi.paris.fr/zh-hans/collections/gardien-de-tombe-0
75,杯状器皿,,nan,隋唐,https://www.cernuschi.paris.fr/sites/default/files/content/images/lpdp_73679-9.jpg,杯状器皿在北魏时期非常流行，外壁上的莲花花瓣反映了当时佛教对艺术的影响。六世纪开始这些装饰开始消失，矮胖的形状开始变得细长和精致。,https://www.cernuschi.paris.fr/zh-hans/collections/collections/zhong-guo-guan-cang/sui-tang/gobelet
76,镇墓俑,,nan,隋唐,https://www.cernuschi.paris.fr/sites/default/files/content/images/lpdp_26128-7.jpg,与那些当时真正用于战争的铠甲相比，这种铠甲的真实性有待商榷。然而，隋朝的战士很少有这种彩釉。我们可以拿波士顿美术馆的一件明器来与其做对比，这件馆藏尺寸略小，但在装饰上也是镀金的，另二十世纪七十年代前被收藏在东京天理博物馆的一对与赛努奇博物馆的尺寸几乎相同（47.3厘米）。这几件藏品的盔甲上的装饰都很丰富，上半部是六边形薄片，下面裙装上是长方形薄片。两个之中有一个支撑在右腿上。,https://www.cernuschi.paris.fr/zh-hans/collections/collections/zhong-guo-guan-cang/sui-tang/guerrier
77,马球运动员,,nan,隋唐,nan,赛努奇博物馆的这对骑马击鞠（夫妇）俑是罕见的造型。这名女子为了方便骑行而穿着男式服装，而这种服饰今天在中亚地区仍然十分流行。,https://www.cernuschi.paris.fr/zh-hans/collections/collections/zhong-guo-guan-cang/sui-tang/joueuse-de-polo
78,胡人人俑,,nan,隋唐,https://www.cernuschi.paris.fr/sites/default/files/content/images/lpdp_48118-15.jpg,尽管胡人总是以大同小异的刻板形象出现，专家们还是通过尖型毡帽的头饰判断出此胡人俑的原型为粟特人。尖型毡帽是粟特古国的装束特色，粟特人生活在今乌兹别克斯坦、塔吉克斯坦和阿富汗等地，他们可能是斯基泰人和伊朗人的后代。,https://www.cernuschi.paris.fr/zh-hans/collections/collections/zhong-guo-guan-cang/sui-tang/marchand-sogdien
79,小盘,,nan,隋唐,https://www.cernuschi.paris.fr/sites/default/files/content/images/lpdp_25906-5.jpg,此碟饰有精美的莲花纹饰，花蕊与花瓣部分采用彩绘浅浮雕工艺，通过模印贴花完成。先在模具上刻画花纹，后直接模印在器物坯胎上面。模具得以保存，可反复使用。此类素地彩纹碟中或多或少都饰有彩绘莲花纹饰。赛努奇博物馆的这件藏品口部呈等分莲瓣状，展现了五代（907-960年）和宋朝（960-1279年）的精巧创作。,https://www.cernuschi.paris.fr/zh-hans/collections/collections/zhong-guo-guan-cang/sui-tang/petit-plat
80,小块地,,nan,隋唐,https://www.cernuschi.paris.fr/sites/default/files/content/images/lpdp_25905-17.jpg,这个盘子的特点是钴基蓝釉中有砷。这种原产于古伊朗的稀有原料因沙漠商队而在八世纪初得以在中国被使用。然而，775年开始唐朝开始陷入动荡之中，这种原料也因此更为罕见。苏黎世莱特堡博物馆保存有一只带底座的类似的盘子。另一件同样着有蓝釉的作品约三十多年前流入纽约艺术品市场。,https://www.cernuschi.paris.fr/zh-hans/collections/collections/zhong-guo-guan-cang/sui-tang/plat
81,佛教石碑,,nan,隋唐,https://www.cernuschi.paris.fr/sites/default/files/content/images/lpdp_55430-4.jpg,此佛教石碑上部刻有两幅释迦牟尼讲法度人的场景，下部是弥勒菩萨涅槃变相的场景，是被刻在一个圆顶矩形石碑上面的浅浮雕。这件作品是8世纪和9世纪上半叶丰富的雕塑作品中的代表。,https://www.cernuschi.paris.fr/zh-hans/collections/collections/zhong-guo-guan-cang/sui-tang/stele-bouddhique
82,菩萨头,,nan,隋唐,https://www.cernuschi.paris.fr/sites/default/files/content/images/lpdp_25904-3.jpg,2003年，博物馆从一组年代久远的法国收藏品中购得了一件精美的菩萨头像。这尊头像既具有隋朝的追求比例均匀的特色，又具有八世纪唐朝的“丰腴”风格，所以是典型的唐代初期的作品。刻画地生动细腻的线条，让人联想到纽约大都会博物馆的一件著名的菩萨头像。此展品与洛阳河南府白马寺的一座687年的菩萨立像也有些相似。发型上来说发绺较宽，眉眼细长弯曲，垂暮下视，这些人物特征和敦煌328号石窟内武则天时期雕刻的人物形象很接近。福格艺术馆（哈佛大学）中有一座菩萨雕像就是以石窟内的形象为原型。,https://www.cernuschi.paris.fr/zh-hans/collections/collections/zhong-guo-guan-cang/sui-tang/tete-de-bodhisattva
83,佛头,,nan,隋唐,https://www.cernuschi.paris.fr/sites/default/files/content/images/lpdp_24593-8.jpg,这尊佛祖头像是由著名商人卢清才（1880-1957年）于1920年捐赠给博物馆的。因“蜗牛”形的发髻被认为是辟支佛。该悟道者自己悟得了佛家真理，却无法传授其它众生佛法来帮助他们超度。大乘佛教认为，辟支佛是介于佛祖和菩萨之间的一类佛陀。因此他们外形上有某些佛祖的特征，前额底部中心清晰可见用精美石头镶嵌的白毫。正如玛利亚·玛德琳·万涅克女士（Marie-Madeleine Wannieck）捐赠的一块北齐时期的石碑上所记载的那样，辟支佛是释迦摩尼的听教弟子之一。,https://www.cernuschi.paris.fr/zh-hans/collections/tete-de-buddha-0
84,智慧道家的头,,nan,隋唐,https://www.cernuschi.paris.fr/sites/default/files/content/images/cer24593-13_1_0.jpg,nan,https://www.cernuschi.paris.fr/zh-hans/collections/collections/zhong-guo-guan-cang/sui-tang/tete-de-sage-taoiste
85,佛阿弥陀,,nan,辽,https://www.cernuschi.paris.fr/sites/default/files/content/images/lpdp_25899-11.jpg,该造像虽然双手缺失，但是前臂已摆出来传教姿势，这种姿势来自远东地区，右手传教，左手渡人。这两种姿势的结合在中国被称为“来迎印”，为远东佛教布道时的常见姿势。,https://www.cernuschi.paris.fr/zh-hans/collections/collections/zhong-guo-guan-cang/liao-zhao/buddha-amitabha
86,人俑,,nan,辽,https://www.cernuschi.paris.fr/sites/default/files/content/images/lpdp_25908-1.jpg,这一类带垂饰的腰带源自土耳其突厥人，后在六世纪到八世纪之间突厥汗国延伸到中国北部传到中国，这种腰带在中文中被称为蹀躞（意为往来徘徊），与蹀躞带上的垂饰来回摆动的含义相似，这些垂饰原本是用来悬挂日常生活中的各种物品。辽朝时这些蹀躞带只出现在传统的契丹族墓穴中，不分男女。和唐朝清楚地记载着的蹀躞带的带跨数量及制作材料等不同，辽朝的官方历史记载较为模糊。,https://www.cernuschi.paris.fr/zh-hans/collections/collections/zhong-guo-guan-cang/liao-zhao/ceinture
87,金制的佛教法器,,nan,辽,https://www.cernuschi.paris.fr/sites/default/files/content/images/lpdp_25907-10_10.jpg,这件金制的佛教法器，应是一对，可追溯到十世纪。每个部件由一个棱杵组成，中间部分是一个圆珠体。两端都插入一个带有八个莲花花瓣的花冠，配有细长的槽缝衔接细细的都被单独切割过锥形叶片。在这个精致的花冠上，奇怪地出现了一个木制的莲花扣，上面还覆盖着破碎的底漆，这使得我们提出的古老彩绘装饰的假设成为可能。金属部分带有切割的装饰管子上有灵感来自唐代金银器的精致的花卉图案，球体上的莲花花瓣，花和花瓣的线条简单。这些珍品的祭祀功能似乎属于范围更广泛也非常神秘的祭器。与阿弥陀佛或者是其它神祗有关的仪式也许是来自一个几乎没有受到传播的极端地域性的一个学派。缺少可以直接的参考文献，这一作品的风格特征可以将其追溯到10世纪。它们表明在当时契丹王朝的领土上，佛教仍是一个神秘的光辉形象。,https://www.cernuschi.paris.fr/zh-hans/collections/collections/zhong-guo-guan-cang/liao-zhao/instrument-cultuel
88,女性面具,,nan,辽,https://www.cernuschi.paris.fr/sites/default/files/content/images/lpdp_51556-9.jpg,这两件鎏金面具配饰体现了辽朝契丹贵族使用的丧葬方法。它将干尸与精心设计的鎏金葬服相结合。辽朝的官方历史只是含糊地提及这些葬礼物品，称它们为“盖尸物”。在二十世纪八十年代发现的两座坟墓仍保存良好，可以用来核实和完善古代文献中提到的一些细节。,https://www.cernuschi.paris.fr/zh-hans/collections/collections/zhong-guo-guan-cang/liao-zhao/masque-feminin
89,葬礼面具,,nan,辽,https://www.cernuschi.paris.fr/sites/default/files/content/images/lpdp_51557-4.jpg,这两件鎏金面具配饰体现了辽朝契丹贵族使用的丧葬方法。它将干尸与精心设计的鎏金葬服相结合。辽朝的官方历史只是含糊地提及这些葬礼物品，称它们为“盖尸物”。在二十世纪八十年代发现的两座坟墓仍保存良好，可以用来核实和完善古代文献中提到的一些细节。,https://www.cernuschi.paris.fr/zh-hans/collections/collections/zhong-guo-guan-cang/liao-zhao/masque-funeraire
90,枕头,,nan,辽,https://www.cernuschi.paris.fr/sites/default/files/content/images/lpdp_25907-13_10.jpg,此枕由錾花金片枕面及箕状木枕座两部分组成，使人联想到搔背工具“如意”的头部。枕座与枕面可能是采用榫槽工艺拼接而成，需借助经过切割的方形支撑物及四角底座，将榫舌和榫槽装置拼接。枕座所采用的木材来自松科家族的云杉，这种树广泛分布在中国北部辽宁及西部内蒙古区域。枕座上面錾花纹饰也印证了这一点。,https://www.cernuschi.paris.fr/zh-hans/collections/collections/zhong-guo-guan-cang/liao-zhao/oreiller
91,盘子,,nan,辽,https://www.cernuschi.paris.fr/sites/default/files/content/images/lpdp_72685-3.jpg,该盘轮廓清晰，花瓣开口，其造型特点很大程度上对银器有所借鉴。这件作品采用铸模法制造，制作时的指纹印记还留在盘底。盘底未上釉，陶土的深米色清晰可见。通过化妆土涂在白色泥釉上，使得作品熠熠生辉。盘中鱼围绕着中央的莲花游动，纹饰图案因釉迹略显模糊。这类盘子数量较少，最常见的图案是牡丹两侧围绕着两只翩翩起舞的蝴蝶，而以鱼作纹饰则较为少见，除此之外，其他种类的纹饰则更为罕见。内蒙古有好几家窑炉生产这样的盘子，质量一般。不过也有赤峰缸瓦窑生产质量较高的这种产品，经过三次烧制，第一次烧胚体，第二次烧泥釉，第三次烧彩釉。这些盘子往往是在支架上的匣铂中烧制完成的，这也经常在作品上留下痕迹。而赛努奇博物馆的这件作品上没有这些痕迹，这似乎表面虽然其同样品质上乘，但却并非出自赤峰缸瓦窑。这些三色陶瓷大多是从陵墓中挖掘出来的，主要是一些陪葬品。例如于1057年在新民墓中发现的鸡冠壶。这些三彩陶器很可能是辽朝特有的陶瓷工艺品，并非由唐三彩发展而来。,https://www.cernuschi.paris.fr/zh-hans/collections/collections/zhong-guo-guan-cang/liao-zhao/plat
92,壁画,,nan,辽,https://www.cernuschi.paris.fr/sites/default/files/content/images/lpdp_24571-7.jpg,她的头发盘成高髻，头顶形成双发圈。仅以鬓角的头发在耳朵前挽成发绺。这种轻快的发型和同时代的中原女性的发型有显著不同。中原女子发型更加蓬松，且遮挡住面部。年轻女子左耳戴着一枚耳环，戴耳环是辽朝妇女的特点之一，这也使当时很多宋朝前去的使臣震惊。有记载称当时皇后佩戴玉耳环，皇后身边的侍女佩戴金耳环。女子修长的身形上穿着一件红色外套，里面为打褶连衣裙。,https://www.cernuschi.paris.fr/zh-hans/collections/collections/zhong-guo-guan-cang/liao-zhao/porteuse-doffrande
93,观世音,,nan,宋元,https://www.cernuschi.paris.fr/sites/default/files/content/images/lpdp_55161-16.jpg,自唐朝灭亡后，在征服中原大部分地区的“蛮夷”政权中，金人 (1115-1234)信奉佛教。他们大大促进了木雕佛像的发展，其中一些尺寸惊人，在制作工艺上承袭唐代，并加以创新。这两尊木雕菩萨立像就是这一创新工艺的代表。,https://www.cernuschi.paris.fr/zh-hans/collections/collections/zhong-guo-guan-cang/song-yuan-shi-qi/avalokitesvara
94,盆,,nan,宋元,https://www.cernuschi.paris.fr/sites/default/files/content/images/aze_cer02223_001.jpg,盆中央的鱼图案实际上经常出现在汉朝的器皿上，但是在该藏品中，盆中纹饰以莲花为背景，且在风格上与汉朝器皿大相径庭。在该器皿外缘，装饰得有易经八卦，且每一卦象都被花漩饰环绕其中。此外，一些孩童手拿莲花嬉戏的图案也经常出现在这样的盆器上。,https://www.cernuschi.paris.fr/zh-hans/collections/collections/zhong-guo-guan-cang/song-yuan-shi-qi/bassin
95,盒子,,nan,宋元,https://www.cernuschi.paris.fr/sites/default/files/content/images/lpdp_34984-13.jpg,耀州窑位于今陕西省铜川黄堡镇。盖身刻有莲花纹饰，施以青釉，釉色偏灰，纹饰线条流畅又不失规整。这样的莲花纹饰常见于公元12及13世纪的瓷器上。,https://www.cernuschi.paris.fr/zh-hans/collections/collections/zhong-guo-guan-cang/song-yuan-shi-qi/boite-0
96,盒子,,nan,宋元,nan,在浙江寺龙口曾出土过一件相似纹饰的盒盖。同时，在寺龙口还发现过一件11世纪末或者12世纪初的相似云状花瓣纹碗。,https://www.cernuschi.paris.fr/zh-hans/collections/collections/zhong-guo-guan-cang/song-yuan-shi-qi/boite
97,公报茶碗,,nan,宋元,https://www.cernuschi.paris.fr/sites/default/files/content/images/lpdp_34987-8_10.jpg,这件藏品反映了南宋时期（1127-1279）粗陶烧制工艺，是一件不可多得的珍贵藏品。该碗出自福建建窑，碗底为深邃的黑色，期间分布着褐色斑点，同时该碗仍旧与其烧制的匣铂相连。碗底呈锥状，这是为了在烧制时节省空间，同时使得热量分布均匀。该藏品形象地还原了当时陶瓷烧制时的情景。,https://www.cernuschi.paris.fr/zh-hans/collections/collections/zhong-guo-guan-cang/song-yuan-shi-qi/bol-dans-sa-gazette
98,带管状把手的瓶子,,nan,宋元,https://www.cernuschi.paris.fr/sites/default/files/content/images/lpdp_43544-5.jpg,该类型的管耳瓶通常为青釉材质，而青铜管耳瓶十分少见，且往往体积较大。日本的瓶器也有着同样的特点，例如日本著名的青海波纹瓶（高达25.6厘米）和一些花瓶器皿（高27.6厘米，藏于东京根津美术馆）。而在中国，这样小体积的管耳瓶往往在烧香时用于呈放香。,https://www.cernuschi.paris.fr/zh-hans/collections/collections/zhong-guo-guan-cang/song-yuan-shi-qi/bouteille-anses-tubulaires-guan-er-ping
99,杯子,,nan,宋元,https://www.cernuschi.paris.fr/sites/default/files/content/images/lpdp_72685-52.jpg,自宋神宗统治时期（1068-1085）起，定窑开始广泛使用覆烧工艺，主要用于烧制碗盘。比起一器一匣，覆烧法是将器皿反扣着焙烧，且使用一种垫圈式组合匣钵。此烧制工艺至少有两大优点：其一在于最大限度地利用了空间，提高了生产效率；其二是节省了原材料，大大降低了制作成本（采用覆烧法的坯件往往更薄）。因器口在烧制过程中紧贴垫圈，因此口部不挂釉，为避免芒口现象，有时使用金、银、铜等镶嵌器口。不同于南宋文献中所记载的，芒口在当时并未被视为一种缺陷。首先，在器口镶金属扣在覆烧之前进行，首要目的是为了凸显器皿的珍贵；其次，由于器口凹凸不平，利于金属扣的镶嵌。,https://www.cernuschi.paris.fr/zh-hans/collections/collections/zhong-guo-guan-cang/song-yuan-shi-qi/coupelle
100,葬礼罐,,nan,宋元,https://www.cernuschi.paris.fr/sites/default/files/content/images/lpdp_24908-2.jpg,此造型奇特的青白釉魂瓶是随葬明器。其上部带盖，盖顶立一飞鸟。宋朝传统的魂瓶通常在颈处环列十二立佣，喻义十二地支及十二时辰，且堆塑一条飞腾之中的游龙，龙身周围饰有日晷。器身通常为乳白色而非青白色，虽然青白釉是这一时期陪葬品的典型特征。,https://www.cernuschi.paris.fr/zh-hans/collections/collections/zhong-guo-guan-cang/song-yuan-shi-qi/jarre-funeraire
101,枕头,,nan,宋元,https://www.cernuschi.paris.fr/sites/default/files/content/images/lpdp_72685-43.jpg,一般而言，八方枕分为两种类型。其中一种枕面出边，而另一种则并无出边。这件赛努奇博物馆的藏品便属于第一种类型。枕头边缘饰有双线黑彩边框，其外纹略粗，向外倾斜，而内纹纤细，向内倾斜。枕壁饰有卷草纹，笔法细腻精美。在东隘口曾出土了一些古代枕具的残片，上面便饰有相似的图案。,https://www.cernuschi.paris.fr/zh-hans/collections/collections/zhong-guo-guan-cang/song-yuan-shi-qi/oreiller
102,人俑,,nan,宋元,https://www.cernuschi.paris.fr/sites/default/files/content/images/lpdp_45476-1.jpg,内底纹饰构图别有深意：画面右侧绘一老者手持拐杖，坐于松树之下；旁边绘一仆童，手呈物品示于老者；二者中间绘有一只翩翩起舞的仙鹤。以太湖旁一块凹陷的岩石为背景左侧，背景中间为摆放着仙桃的小桌。通过松树、仙鹤、仙桃等元素可判断画中的老者应是一位仙人。在宋朝，这样的人物纹饰十分常见，尤其是在镜子上。绘有类似纹饰的镜子在同时代的金朝也随处可见。,https://www.cernuschi.paris.fr/zh-hans/collections/collections/zhong-guo-guan-cang/song-yuan-shi-qi/plat
103,菩萨头,,nan,宋元,nan,该佛像面相浑圆秀美，垂目俯视，表情庄重，发髻造型延续唐朝。佛像莲座上的印刻证实其源自宋朝，曾被纽约一收藏家所购。,https://www.cernuschi.paris.fr/zh-hans/collections/collections/zhong-guo-guan-cang/song-yuan-shi-qi/tete-de-bodhisattva
104,花瓶斗豆器,,nan,宋元,nan,该豆器身采用脱蜡工艺制作，然而却几乎看不见熔模的痕迹。其腰身尽管有一道烧制时留下的缝隙，但在器肚内部依然没有模具的痕迹。与一般失蜡浇铸不同，该豆器在焙烧过程中并未采用铆接的方式来固定。这一点与现藏于台北故宫博物馆的一件豆器尤为相似。器皿上部的铭文记载了该豆器制作于1118年。就其内容而言，稍显奇怪，该豆是献给长寿大帝的，而在当时长寿大帝并不是一位重要的神祗，因此，这段铭文很有可能是后世所添加的。同时，令人惊吓的是，这段铭文竟然从未在任何一本记载青铜器铭文的文献中出现过。该藏品于1872年由赛努奇博物馆购入。在孙诒让（1848-1908）的《宋政和礼文字考》（研究宋政和时期礼器铭文的著作）中，其认为这段铭文的雕刻手法应该出于宋代之后，但是这件器物的风格却是源自宋朝。同时，该豆足纹饰与宣和三年山尊器（现藏于北京故宫博物馆）上的纹饰极其相似。,https://www.cernuschi.paris.fr/zh-hans/collections/collections/zhong-guo-guan-cang/song-yuan-shi-qi/vase-dou-dou
105,扇子,文伯仁,Wen bo ren,明,https://www.cernuschi.paris.fr/sites/default/files/content/images/lpdp_25460-6_10.jpg,该画扇出自文伯仁之手，画中主要有竹、树、石三景。画扇署款为“五峰“，是文伯仁的字号。从画中还可看到元代绘画的影子，特别是著名画家赵孟頫（1254-1322）的画风，尤其体现在画中岩石所采用的飞白手法以及画竹的技法。该图扇与文征明创作的类似题材的图扇也有几分相似之处，如上海和南京博物馆收藏的文征明所绘图扇，远景中的树叶也采用写实的手法。绘画布局巧妙，图景从整个图扇的中轴线展开，与整个扇面十分契合。,https://www.cernuschi.paris.fr/zh-hans/collections/collections/zhong-guo-guan-cang/ming-zhao/bambous-arbre-et-rocher
106,观世音菩萨,,nan,明,https://www.cernuschi.paris.fr/sites/default/files/content/images/lpdp_24508-1.jpg,内容：雕像中的观音盘坐于岛的顶端——补怛洛伽山，即她在南海的住处。在5至8世纪共3个中文版本的《华严经》中，都曾提及此类姿态的观音形象。南海观音在10至14世纪备受推崇，尤其是在拥有太原和五台山这两大佛教场所的山西省。最早的观音像可追溯到金朝（1115-1234）。此神态端庄的观音年代距今较近，见证着14至15世纪传统肖像的千古流传。,https://www.cernuschi.paris.fr/zh-hans/collections/collections/zhong-guo-guan-cang/ming-zhao/bodhisattva-avalokitesvara-guanyin-guan-yin
107,盒子,,nan,明,https://www.cernuschi.paris.fr/sites/default/files/content/images/lpdp_80733-3.jpg,这件亨利·塞努奇赛努奇的收藏，是隆庆皇帝时期非常少见的一类瓷器。从1567年到1572年，隆庆皇帝仅在位了短短六年。该藏品也是中国瓷器发展史上明朝时期非常重要的一个里程碑。,https://www.cernuschi.paris.fr/zh-hans/collections/collections/zhong-guo-guan-cang/ming-zhao/boite
108,香炉（香炉）,,nan,明,https://www.cernuschi.paris.fr/sites/default/files/content/images/lpdp_70002-50.jpg,该炉内底部刻有铭文，为：大明宣德年制（即制作于明朝宣德年间）。虽然铭文为宣德年间，但该类型的器皿很有可能出自17世纪。此类器皿器身通常为椭圆形，以神兽作为装饰—例如该藏品即纹饰得有龙，并通常刻有“宣德年间“的铭文，然而这类铭文的真实性有待考证。在北京附近发现的一个墓葬中，便有此类型的器物，然而该墓葬时间却为1675年，该器皿在样式和纹饰上都很难与博物馆的这件香炉相提并论。在Philip K. Hu看来，该时期制作的香炉质量参差不齐，并且这一现象持续了很长一段时间。（该藏品藏于圣路易艺术博物馆，由Robert E. Kresko 捐赠）这种类型的器皿一直到20世纪都还可以见到。19世纪80年代末，著名摄影师费利斯·比托曾在日本横滨的一家旅游纪念品店，拍摄过同种样式的香炉。该藏品品质上乘，质地精美，有可能比Kresco捐赠的香炉年代更加久远，而Kresco收藏的香炉只有器身的一部分被镀金。该香炉也有可能出自19世纪，因为在19世纪，一般器物的装饰会较为繁多，也经常被误认为制作于宣德时期。该香炉的炉柄与另一件胡文明制作的香炉藏品极其相似，胡文明为明朝晚期铜器制作大师。在17世纪上半叶，尤其在天启年间（1620-1627），旋涡图案非常受青睐，尤其被用来装饰那些彩陶制品。,https://www.cernuschi.paris.fr/zh-hans/collections/collections/zhong-guo-guan-cang/ming-zhao/brule-parfum-xianglu-xiang-lu
109,香炉（香炉）,,nan,明,https://www.cernuschi.paris.fr/sites/default/files/content/images/lpdp_34769-10.jpg,内容：底部银饰铭文：大明成华年万家造，即于成华年间由万家制作。,https://www.cernuschi.paris.fr/zh-hans/collections/brule-parfum-xianglu-xiang-lu-0
110,佛祖,,nan,明,https://www.cernuschi.paris.fr/sites/default/files/content/images/lpdp_51556-10.jpg,内容：此镀金立佛铜像是赛努奇留下的遗产之一（1896）。佛像底座正面印有宣德皇帝（1426-1435）年间的标识。佛像呈直立状，无弯曲。衣服与裙袍袈裟重叠，褶皱层次鲜明，展现出健驮逻艺术的特征，造型奇特。此佛像是应憍賞弥国国王乌达雅纳的要求，纪念到达极乐世界后的佛祖容貌。佛像显得古朴而庄严，借鉴了不同时代的雕像特点，最初于佛教早期出现在远东地区。,https://www.cernuschi.paris.fr/zh-hans/collections/collections/zhong-guo-guan-cang/ming-zhao/buddha
111,书法,张弼,zhang bi,明,https://www.cernuschi.paris.fr/sites/default/files/content/images/lpdp_39211-2.jpg,"款识：记录纷纷已失真,言语轻重在文臣。若将字字论心术,恐有无边受屈人。此刘翰林先生之作也。东海翁。 印：汝弼 (朱文)",https://www.cernuschi.paris.fr/zh-hans/collections/collections/zhong-guo-guan-cang/ming-zhao/calligraphie
112,书法（福音派）,文征明,wen zheng ming,明,https://www.cernuschi.paris.fr/sites/default/files/content/images/lpdp_25460-7_10.jpg,内容：题词：战红酣紫一春忙，回首春归属渺茫。竟为雨残缘太冶？未随风尽有余香。美人睡起空攀树，蛱蝶飞来却过墙。脉脉芳情天万里，夕阳应断水边肠。文征明是明朝的书法家及画家，出生于苏州，且一生中的绝大部分时间都在苏州度过。并且，他还参与了吴门画派的创建，并在绘画上与沈周（1427-1509）、祝允明、唐寅齐名。文征明虽屡试不第，却才气斐然，在文人墨客中负有盛名。其屡考不中，仕途不顺，仅有一次被举荐入京，1523年至1526年期间，任翰林院待诏。文征明晚年仍笔耕不辍，创作了许多绘画作品。在其子文嘉（1501-1583）和侄子文伯仁（1502-1575），以及吴门画派弟子的推崇下，文征明的绘画理念得以传播，并影响深远。该扇上为文征明所写的七言律诗，诗歌的才情与书法的写意得到了极佳的呈现。该诗收录于文征明的《甫田集》，与其余几首诗一同都是写给沈周的。文征明师从沈周学习绘画，并受其很大的影响。此外，文征明还跟随李应祯（1431-1493）学习书法。文征明对其友祝允明的书法造诣也耳濡目染，并同祝允明一样，文征明的书法也不仅限于一家笔法，而是博采众长，兼收并蓄。文征明以楷书、隶书、草书、行书誊写千字文，且大字体和小字体兼用，各得意趣，该作品现藏于台北故宫博物馆。这首伤春的诗歌表明文征明的行书已转向成熟，渐入佳境。,https://www.cernuschi.paris.fr/zh-hans/collections/collections/zhong-guo-guan-cang/ming-zhao/calligraphie-evantail
113,黑漆嵌螺钿箱,,nan,明,nan,黑漆嵌螺钿箱（MC 9932 a和c）的箱体由底座托起，无足，箱门具有明显的法式特色（ MC.9932 b和d）。木制黑漆的箱体表面饰有华丽的凤凰开屏的纹饰，凤凰栖息在岩石之上，周围是开满花的灌木丛，纹饰整体是用一块大片的螺钿镶嵌在漆器底部。底座上同样饰有类似的花纹装饰。这些小型衣橱的表面由花朵簇拥，花纹纤细。但此底座处的细节并未出现在箱体体身上面。,https://www.cernuschi.paris.fr/zh-hans/collections/collections/zhong-guo-guan-cang/ming-zhao/coffre
114,猎鹰画,,nan,明,https://www.cernuschi.paris.fr/sites/default/files/content/images/lpdp_24909-1.jpg,尽管这一藏品是在20世纪初期的北京所得，但可以肯定的是它产自于中国南方，可能是江西省。,https://www.cernuschi.paris.fr/zh-hans/collections/collections/zhong-guo-guan-cang/ming-zhao/faucon
115,画作,高瀔,gao gu,明,https://www.cernuschi.paris.fr/sites/default/files/content/images/lpdp_39388-7_11.jpg,螺钿镶嵌技艺始于唐朝时期（618-907），并在接下来的朝代被广泛应用。《格古要论》（1387）一书中对此附有详细的介绍。在明朝（1368-1644）末期的几十年间，这一工艺得到手工艺者们的青睐。,https://www.cernuschi.paris.fr/zh-hans/collections/collections/zhong-guo-guan-cang/ming-zhao/immortels
116,书法作品,康有为,kang you wei,清,https://www.cernuschi.paris.fr/sites/default/files/content/images/lpdp_39388-2_10.jpg,在有关卢芹斋的藏品中有一把可追溯到16世纪或17世纪初期的大扶手椅，同样饰有和这些箱子相同的花纹样式。,https://www.cernuschi.paris.fr/zh-hans/collections/collections/zhong-guo-guan-cang/ming-zhao/la-falaise-rouge
117,画作,方琮,fang zong,清,nan,朝鲜也同样使用此项工艺。在藏于日本京都Tōgandō博物馆的两个15世纪衣柜上，同样饰有采用螺钿镶嵌工艺的树枝纹饰，且侧面同样饰有花纹图案。,https://www.cernuschi.paris.fr/zh-hans/collections/paysage-0
118,扇面,李流芳,li liu fang,明,https://www.cernuschi.paris.fr/sites/default/files/content/images/lpdp_39228-17.jpg,内容：款识：李流芳。邓尔雅。扇上的书法，落笔利落，笔致含蕴，惜墨如金。下笔如有神，文人风骨立于纸上。 尔雅。李流芳既是杰出的画家也是优秀的诗人。其早期意在为官，并于1606年中举，然而几度赴京参加殿试，屡试不第，遂绝意仕途。1622年，李流芳回到了家乡嘉定。1629年，李流芳自选其诗文，编成《檀园集》。檀园即其住所，也是在檀园，李流芳度过了生命中最后的岁月。其实，在李流芳辞官归隐之前的十年里，他已经创作了不少富有其个人特色的作品，其风格朴实，深受元朝画家倪瓒（1301-1374）影响。然而，李流芳的创作风格区别于大部分元朝画家。该幅作品通过分散的墨迹，来构成画面的主体。这样的笔法还专门被用来描绘柳叶，同时在画面中央，李流芳的落款同样也运用了这样的笔法。南京博物馆也有一件极其相似的藏品，这件1620年的藏品构图极为相近，唯一的不同在于其笔法更为细腻。在落款右侧，则是由收藏家及书法家邓尔雅（1884-1954）所写的题跋。邓尔雅惊讶于该幅作品着墨的精炼，并将其称为精妙绝伦的神品。,https://www.cernuschi.paris.fr/zh-hans/collections/collections/zhong-guo-guan-cang/ming-zhao/paysage
119,扇子,蓝瑛,lan ying,明,https://www.cernuschi.paris.fr/sites/default/files/content/images/lpdp_25460-10_10.jpg,内容：安东尼·劳伦基金会与赛奴奇之友协会同赛努奇发烧友共同出资捐赠了一把蓝瑛（1585-1664）绘制的扇子。这把于1659年绘制的扇子上附有画家题跋：“辞别春兄，乙亥年正月十五。”，旁边盖有 “蓝瑛” 二字的红色印章。 蓝瑛在绘画上的创新之处在于着色大胆，在此作品上表现为绿色、玫红色及白色之间的色彩对比。此展品与蓝瑛绘制的另一把收藏于南京博物馆的扇子有异曲同工之妙。两把扇子均创作于1659年，且从款识所交代的创作背景来看，二者均是临别时赠予对方的礼物。由此可见扇子在当时文人志士的交往中扮演重要角色。,https://www.cernuschi.paris.fr/zh-hans/collections/collections/zhong-guo-guan-cang/ming-zhao/paysage-au-rocher
120,镜架,,nan,明,https://www.cernuschi.paris.fr/sites/default/files/content/images/lpdp_70002-8.jpg,内容：该镜架饰有犀牛圆雕，其背驮着一轮弯月。中国古代不少器皿造型都喜爱模仿动物的形态。在这尊器皿中，犀牛伏于一座小岛或是沙堆，抬头仰望着弯月。在12世纪至15世纪，此类器皿常被用于装饰镜子，呈现的场景大部分都是牛回首望月。在该藏品中，新月之下还饰有流云纹饰。在使用时，镜子被嵌在弯月之上，与弯月一同构成一轮满月。在一个洪武时期（1328-1398）的墓葬中，也出土了有着同样装饰的宋镜。,https://www.cernuschi.paris.fr/zh-hans/collections/collections/zhong-guo-guan-cang/ming-zhao/porte-miroir-jingjia-jing-jia-en-forme-de
121,菩萨雕像,,nan,明,https://www.cernuschi.paris.fr/sites/default/files/content/images/lpdp_38578-2.jpg,中国最后三个朝代的雕像长期以来都不被专家看好，专家总是着迷于古代的雕塑。在佛教被引入中国后，尽管风格鲜有更新，且几个世纪的创作都致力于表现雕像内在的神秘感，还存在大量略微老套的作品，但还是出现了一些优秀雕塑品的。,https://www.cernuschi.paris.fr/zh-hans/collections/collections/zhong-guo-guan-cang/ming-zhao/tete-de-bodhisattva
122,天牺尊,,nan,清,https://www.cernuschi.paris.fr/sites/default/files/content/images/lpdp_70625-28.jpg,内容：铭文内容为：乾隆年制（即制作于乾隆年间）。该藏品与另一件藏于故宫博物馆的牺尊十分相似。这两件青铜器极有可能本就是一对。,https://www.cernuschi.paris.fr/zh-hans/collections/collections/zhong-guo-guan-cang/ming-zhao/vase-en-forme-doiseau-celeste-tianjizun-tian
123,尊,,nan,明,https://www.cernuschi.paris.fr/sites/default/files/content/images/lpdp_70002-1.jpg,内容：该藏品与好几件15世纪下半叶以及16世纪上半叶的藏品十分类似；从其大口式的壶颈以及壶足来看，该藏品更有可能属于15世纪。尽管该类器皿经常被称作渣斗（即痰盂），但其越来越被看做是对古代尊器的一种仿制。,https://www.cernuschi.paris.fr/zh-hans/collections/collections/zhong-guo-guan-cang/ming-zhao/vase-en-forme-de-zun-zun
124,貘尊,胡文明,hu wen ming,明,https://www.cernuschi.paris.fr/sites/default/files/content/images/lpdp_70625-36.jpg,内容：尽管现在这些器皿被称为貘尊（其形似貘而得名），但在古代其一般被称作牺尊，在《博古图》和《西清古鉴》（著录清代宫廷所藏古代青铜器的大型谱录）中时常可见。“牺”意为用来祭祀的祭品，通常为牛，有时其他的动物也可用作祭祀。貘形器皿的历史最早可以追溯到战国时期，器身通常镶嵌得有金银饰品。,https://www.cernuschi.paris.fr/zh-hans/collections/collections/zhong-guo-guan-cang/ming-zhao/vase-xizun-xi-zun-en-forme-de-tapir
125,香炉,,nan,清,https://www.cernuschi.paris.fr/sites/default/files/content/images/lpdp_25905-14.jpg,内容：自宋代以来（960-1279），许多研究器物历史的文献往往会配上木刻的插图，诸如《考古图》等，这些文献使得当时的文人也开始关注考古发现的遗迹和器皿，尤其是河南和陕西两地的考古发现。在元朝（1279-1368），人们会在各种供台上摆上多种多样的器皿，这些器皿往往模仿古代青铜器的风格。在明朝（1368-1644）与清朝（1644-1911），供台的装饰物一般系统地由五部分组成：一件香炉，且该香炉往往也会借鉴古代器物的造型风格，比如该藏品中的鼎状香炉，另外还带有两支烛台和两件锥形镶花开口式的器皿，一般为商朝（公元前1550-1050）杯或觚的造型。该藏品则缺失了烛台和杯状器皿。一位摄影师曾在北京附近的潭柘寺大雄宝殿拍过一张饰品完整的供堂图片。瑞士收藏家皮埃尔·尤尔德里曾收藏得有一套完整的供台饰品。通过藏品的纹饰判断，该藏品很有可能出自乾隆（1736-1796）年间，而且期间生产了许多类似的供台装饰品。,https://www.cernuschi.paris.fr/zh-hans/collections/collections/zhong-guo-guan-cang/qing-zhao/brule-parfum
126,画作,朱鹤年,zhu he nain,清,https://www.cernuschi.paris.fr/sites/default/files/content/images/lpdp_39388-10_10.jpg,内容：朱鹤年（1760-1834），江苏省台州人，主要活跃于北京地区，与另外两位艺术家朱昂之、朱本并称为“三朱”，并创立了画风独特的竹刻流派。,https://www.cernuschi.paris.fr/zh-hans/collections/collections/zhong-guo-guan-cang/qing-zhao/falaise-et-pins-cascade-en-suspens
127,画作,傅雯,fu wen,清,https://www.cernuschi.paris.fr/sites/default/files/content/images/lpdp_38965-4.jpg,尽管该作品不是以佛教为题材，但画中人物脸部的处理技法仍与胜果妙因图有几分相似。对当时的艺术家来说，女菩萨、仙女都属于同一类创作题材。在顾恺之的洛神赋就已经出现了洛河神女的形象，自明代以来，和观音的形象一样，这一经典形象也逐渐成为一个独立的创作主题。值得一提的是，傅雯的老师高其佩，还曾对绘画中的女性形象进行分类。在古代绘画中，大部分女性都以观音的形象出现，其余的则多为美丽绝伦或缥缈迷离的形象。高其佩同样创作了许多以洛神为题材的指画，享誉于世。该藏品与另一幅傅雯画册中的指画颇为相似，该画册现藏于上海博物馆。然而，这幅作品的用墨和线条则更接近于与傅雯创作的另一卷轴画，该卷轴画现藏于广东艺术学院。该卷轴画篇幅宏大，气象万千。 ,https://www.cernuschi.paris.fr/zh-hans/collections/collections/zhong-guo-guan-cang/qing-zhao/la-nymphe-de-la-riviere-luo
128,画作,钱杜,qian du,清,https://www.cernuschi.paris.fr/sites/default/files/content/images/lpdp_39229-9_10.jpg,款识：地炉新热通红火，塔院时来寐历钟。满屋芋香人未寝，坐听风雪打杉松。此记前年在白下陶谷庆岁所作。山居风味每下笔时取忆及之，观者勿哂其胸次寒陋也。嘉庆戊寅十月望后。钱叔美并题记。,https://www.cernuschi.paris.fr/zh-hans/collections/collections/zhong-guo-guan-cang/qing-zhao/paysage-de-neige
129,千秋三永图,高其佩,gao qi pei,清,https://www.cernuschi.paris.fr/sites/default/files/content/images/lpdp_39284-1.jpg,内容：款识：千秋三永图。铁岭且道人指头生活。这幅作品为清代画家高其佩指画的代表作。高其佩生于当时的满洲铁岭，名宦后裔。在当时的清朝，这样的出身使其很顺利地走上了仕途。高其佩随后在云南、浙江、四川、北京等地为官。高其佩虽涉足官场，但同时也是一位优秀的画家，尤其以指画著名。指画早在顺治年间（1638-1661）便已备受青睐。画面中央为两只鹿，而鹿在当时寓意吉祥，以鹿为创作主题在高其佩的绘画中十分常见。另一幅高其佩藏于北京博物馆的绘画作品便与该画十分相似。该作品中鹿的形象也体现了高其佩的绘画技巧。其通过细致的勾线来描绘鹿身的轮廓，以手掌将墨水晕开，来表现鹿身上的斑点，专门以指甲尖来描绘鹿的睫毛和眉毛。当我们惊讶于高其佩高超的用墨技法时，很容易忽略其独特的着色手法。其孙高秉在绘画用色方面便与高其佩本人大有不同。就同一种红色而言，高秉着色清淡，而高其佩则喜爱将色层涂抹得较为厚重，并经常搭配以绿色与蓝色，重叠使用。这样的技法在这幅千秋三永图便可见一斑。 画中在树枝下飞舞的蝙蝠通身为深红色，而地上的灵芝则施以蓝色和绿色，交融在一起。通过这幅作品，高其佩使得这两种用色手法呈现于观赏者的面前，并产生了一定的视觉冲击。该画名为千秋，在中国代是一句对寿星的祝福语。而画中的灵芝和松树则象征着长寿。画中的蝙蝠，取其谐音，意为“福”。鹿则暗指同音的“禄”。“福”、“禄”“寿”在古代也都是对寿星的祝福语。,https://www.cernuschi.paris.fr/zh-hans/collections/collections/zhong-guo-guan-cang/qing-zhao/peinture-des-mille-automnes
130,松下独立观潮图,张崟,zhang yin,清,https://www.cernuschi.paris.fr/sites/default/files/content/images/lpdp_39389-3_10.jpg,内容：题词：漾漾带山光，澄澄倒林影。那知石上喧，却忆山中静。张崟出生于江苏镇江的商人家庭，其父与其叔都对艺术创作进行过赞助。在其父交往的名流之中，书法家王文治与画家潘恭寿（1741-1794）对张崟影响深远。在张崟的青年时期，潘恭寿经常向张崟谈起文征明的绘画，因此其一直十分推崇文征明的作品。张崟五十岁时，靖江涨水导致洪水泛滥，冲毁了其住所。张崟不得不在市镇重新安家，并以卖画为生。其晚年贫病交加，创作了许多作品。在其大尺寸的画作中，张崟宗法北宋风景画大师，模仿他们的绘画风格。张崟绘画笔法细腻，色调丰富，为镇江画派之首。张崟在其晚年创作了这幅松下独立观潮图。虽然张崟受北宋风景画影响较大，但在这幅作品中，其刻画石块的着墨技法却并非宋朝的传统风格。松树的荆棘呈扇形，其荆棘的密度的细微差别，体现了不同松树在画中的前后位置的不同，这是张崟典型的创作风格。该画布局风格与其19世纪20年代初期创作的画作十分相近，例如秋日观瀑图，现存于上海博物馆。该藏品的作品独特之处在于，张崟用堆积的潮水替代了绘画中层峦叠嶂的山峰形象。观瀑是当时绘画中经常出现的主题，而对这一主题张崟则有着自己独特的理解。该画的题词为唐朝诗人皇甫曾（721？-785？）的《山下泉》，该诗描绘了山泉流动的场景。皇甫曾在诗中将山间怒涛的猛烈与巍峨深山的泰然进行了对比。张崟省去了原诗《山下泉》的题目，很有可能是画家更想呈现的是江河奔流之景，而非山间之景。张崟在其作品中经常提及镇江的著名风景，因此这幅画作很可能是张崟见到长江两岸的景色有感而发，而创作了这幅绘画。,https://www.cernuschi.paris.fr/zh-hans/collections/collections/zhong-guo-guan-cang/qing-zhao/solitaire-sous-les-pins-contemplant-les-vagues
131,“抓住全国的胜利——毛主席和他的干部”（草图）,尹戎生,yin rong sheng,现当代中国,https://www.cernuschi.paris.fr/sites/default/files/content/images/lpdp_75291-24_10.jpg,尹戎生的艺术创作与毛泽东在1942年延安文艺座谈会上讲话的内容是分不开的。在座谈会上，毛泽东要求文艺工作者及文艺作品均要符合意识形态领域的发展。因此，围绕共产党题材进行创作成为了马克思列宁主义的一种风格，中央美术学院在整个上世纪50年代成为主要的创作中心之一。,https://www.cernuschi.paris.fr/zh-hans/collections/collections/zhong-guo-guan-cang/xian-dang-dai-zhong-guo-zi-1911nian-qi/saisir-la
132,雨后图,丁衍庸,ding yan yong ,现当代中国,https://www.cernuschi.paris.fr/sites/default/files/content/images/lpdp_38776-4.jpg,丁衍庸为广东生人。1920年被派往日本留学，1921年考入东京美术学校，研习西方素描和油画，尤其醉心于当时在日本颇有影响的野兽画派作品。野兽派的绘画对丁衍庸的用色和线条都有着深远影响。上世纪20年代中期，丁衍庸回到中国，并定居上海，开始教授西画。这一时期，他与中国的现代艺术家交往密切，其中就有现代画家关良（1900-1986）.1928年至1932年，丁衍庸居于广东，他的中国画创作也正是始于这个时期。战争时期，丁衍庸又回到广东，随后前往四川避难。1949年，丁衍庸离开中国大陆，定居香港，在教书的同时继续中国传统绘画和西画的创作，“对这两种形式的创作，丁衍庸都抱有同样的创作热情”,https://www.cernuschi.paris.fr/zh-hans/collections/collections/zhong-guo-guan-cang/xian-dang-dai-zhong-guo-zi-1911nian-qi/apres-la-pluie
133,玉良自塑,潘玉良,pan yu liang,现当代中国,https://www.cernuschi.paris.fr/sites/default/files/content/images/lpdp_50171-1.jpg,款识：玉良自塑，印章：玉良，比起裸女图、静物画和肖像画，潘玉良创作的雕塑作品则显得没那么知名。在1925年从巴黎国立美术学院毕业后，潘玉良考入意大利罗马国立美术学院，师从康洛马蒂，学习绘画和雕塑。1927年，潘玉良以古希腊神话为题材，创作了雕塑《醉酒》，随后又于1957年和1958年分别创作了青铜像《旷工》和石雕《玛利亚·蒙台梭利》。这件雕塑作品并不写实，而更多地是运用了浪漫主义的手法。雕塑的对象正是潘玉良自己，双眼微闭，目光望向左下方，一双剑眉向太阳穴展开。其雕像的发型由四个简单的几何形体构成，是典型的中国风格发型，即宽大的圆形发髻配上挺直的流苏。从雕像的发式和姿态来看，这件作品应该与潘玉良的另外两幅绘画遥相呼应，这两幅作品分别是1940年创作的《穿着黑裙的自画像》和1945年创作的《窗旁的自画像》。潘玉良在雕塑表身的赭漆上又施以金色，使作品显得光鲜亮丽，这种色泽还覆盖了整个雕塑的凹陷部位和凸起部位，使得雕塑的起伏浑然一体，十分自然。潘玉良通过借用绘画的技法，并细致地打磨材料，对雕塑不同部位的处理各有千秋，使这件作品颇有中国古代的青铜器的神韵。同时也与竹器和玉器有几分相像，众所周知，玉器器身表面常带有“糙地”或“橘皮纹”。通过这种手法，潘玉良使作品表面富有动态感。除了雕塑以外，这种手法也常见于潘玉良的绘画之中，她通过彩色的晕线处理画面背景，既避免画面背景显得空洞，又使人物跃然纸上。,https://www.cernuschi.paris.fr/zh-hans/collections/collections/zhong-guo-guan-cang/xian-dang-dai-zhong-guo-zi-1911nian-qi/autoportrait
134,画作,周刚,zhou gang,现当代中国,https://www.cernuschi.paris.fr/sites/default/files/content/images/lpdp_75291-12_10.jpg,像马德升一样，周刚同样致力于创新中国传统艺术。1989年，他移居巴黎。至此，他尝试深化人物创作风格，依赖于深暗的颜色与富有表现力的线条来表现西藏人民的生命力，就像1992年赠与博物馆的第一幅画作那样。,https://www.cernuschi.paris.fr/zh-hans/collections/collections/zhong-guo-guan-cang/xian-dang-dai-zhong-guo-zi-1911nian-qi/brume
135,雪翁图,陈之佛,chen zhi fo,现当代中国,https://www.cernuschi.paris.fr/sites/default/files/content/images/lpdp_38778-3.jpg,题跋：凡状物者得其形不若得其势，得其势不若得其韵，得其韵不若得其性。此竹懒语，能明采此可以言画矣。雪翁。印章：1.雪翁（朱文）2.心郎是佛（朱文）这幅野鹅图是陈之佛的代表作。该幅作品的布局和自然图景师法宋代绘画，尤其是宋代的宫廷绘画。在鹌鹑图中，宋朝绘画的影响则更为明显。陈之佛曾提及过其在30年代初的一次展览中看到了宋朝的绘画，深受其影响，并随后不久便创作了第一批花鸟工笔画。该幅作品重新采用了自然写实的风格，而这种风格实际上在明清一直被画家摒弃。这幅作品还表达了陈之佛对民国初期以康有为为首的知识分子的敬仰。,https://www.cernuschi.paris.fr/zh-hans/collections/collections/zhong-guo-guan-cang/xian-dang-dai-zhong-guo-zi-1911nian-qi/cailles
136,画作,徐悲鸿,xu bei hong,现当代中国,https://www.cernuschi.paris.fr/sites/default/files/content/images/lpdp_39241-2.jpg,款识：卅六年大暑。悲鸿写。印：悲鸿之画（朱文）在中国传统文化当中，即便朝代更迭，但是马一直以来都是历代大师笔下极受青睐的创作题材。现实主义流派画家徐悲鸿创作的这一传统题材画作，体现出了他对于中国绘画的革新主张。在中国传统水墨画的基础上，画家描绘了马蹄悬在半空，正在转身的马的形象，体现了其对空间的独特理解，同时具有对动态进行捕捉与分析的能力，与西方绘画中的创作理念大相径庭。技法娴熟的徐悲鸿绘制了一匹动态的骏马的肖像，但是他并未止步于此，而是运用墨汁的细微差别和笔触的力量变换来表现作品的张力。奔腾的骏马一直以来都是徐悲鸿的代表作。在他1922年创作的木炭画自画像中，其描绘了年轻的自己正站在其绘画的草图前，图上画的便是奔腾的骏马。在众多上世纪30年代的历史名画中，徐悲鸿以九方皋为创作题材，描绘了造型各异的骏马形象。30年代末期，马的形象更是无处不在，画家们有时以自然环境作背景进行创作，但大多数情况下则是直接将马画在画纸中央，并无其他背景，这种绘画方式增强了骏马的气势与活力。在中日战争期间及新中国成立之初，马的形象常被视为国家的象征。,https://www.cernuschi.paris.fr/zh-hans/collections/collections/zhong-guo-guan-cang/xian-dang-dai-zhong-guo-zi-1911nian-qi/cheval
137,画作,李芳,li fang,现当代中国,https://www.cernuschi.paris.fr/sites/default/files/content/images/lpdp_75291-8.jpg,他的艺术参考主要是现代西方绘画。它仍然依附于我们绘画传统的某些古老特征：形象、身体的特权表现，以及光线对身体影响的转录。通过根据照明并置和调制的宽键，李芳转录了所描绘人物的音量。,https://www.cernuschi.paris.fr/zh-hans/collections/collections/zhong-guo-guan-cang/xian-dang-dai-zhong-guo-zi-1911nian-qi/chinese-nude
138,唐舞女图,庞薰琹,pang xun qin,现当代中国,https://www.cernuschi.paris.fr/sites/default/files/content/images/lpdp_38780-14.jpg,款识：庞薰琹。印章：虞山人（朱文）。庞薰琹为江苏常熟生人。1925至1929年期间，庞薰琹分别在巴黎叙利思绘画研究所和格朗歇米欧尔研究所学习绘画。归国后，定居上海。在讲授美术的同时，他和倪贻德等十余名青年画家共同创立了美术社团“决澜社”。在一次年展中，庞薰琹的作品也被展出，其作品表现出了许多西方先锋艺术家的绘画风格，而这些都与他在巴黎求学时的见闻密不可分。1936年，他离开上海，开始在好几所学校任教，这些学校都因为中日战争的关系而不得不进行转移。从1938年起，庞薰琹对装饰艺术产生了浓厚兴趣，并前往贵州搜集中国古代装饰纹样和云南少数民族民间艺术，他尤其研究当地少数民族的传统服饰。50年代初，他任职于北京美术学院，并负责筹建中央工艺美术学院。1954年，其作品在东欧展出，庞薰琹并赴苏联进行访问。1957年，庞薰琹被错划成右派，直到1979年才恢复名誉和职称。用白描手法创作的系列古代舞女图是庞薰琹的代表作，创作于战后1942至1946年间。在回忆录中，庞薰琹写道最开始他画舞女图是把其当成一种练习而绘画。该系列作品很快获得了成功，庞薰琹进而创作更多的舞女图。尽管部分创作是出于经济情况的原因，但毫无疑问的是，庞薰琹在巴黎求学岁月中所见到的舞蹈给其留下了深刻印象，也激发了他的创作。此外，这一系列作品也反映了庞薰琹对于绘画中线条的重视，他认为线条变化繁多，与光影相结合，能够表达艺术家心中一些微妙的情感。在郭有守出访东欧之时，庞薰琹将此画赠与了郭有守。他在题跋中提到这幅画将随郭有守一起前往欧洲，并追忆了他自己在法国的岁月。他写道其在欧洲求学二十载，在所学之中，白描算得上比较成功的，其原因就在于其并没有受限于西方传统绘画。将这幅画送往欧洲，他相信会得到西方文人的赏识。郭有守因持有这幅作品，而引起了一些中国收藏家的注意，同时他批准了1941年四川博物馆购入庞薰琹的《地之子》，并在1953年将这幅《唐舞女图》赠与了赛努奇博物馆。,https://www.cernuschi.paris.fr/zh-hans/collections/collections/zhong-guo-guan-cang/xian-dang-dai-zhong-guo-zi-1911nian-qi/danseuse-tang
139,苗族母女图,庞薰琹,pang xun qin,现当代中国,https://www.cernuschi.paris.fr/sites/default/files/content/images/lpdp_38780-17.jpg,款识：庞薰琹。图中的苗族母女身着民族服装，拿着绣有花饰的天鹅绒织物，使得这幅田园风光带有一丝异国情趣。苗族母女代表着庞薰琹心中理想的女性形象：优雅从容，天真烂漫，完全未受世俗的浸染。庞薰琹在1943年曾提及：“我的这幅作品并不是写实的，人物的形象也未必与人种志学中记载的相符，因为我想通过绘画表达的正是我自己心中的对女性的想象。”通过这些绘画作品，庞薰琹更多地是表达了一种对过去传统文化的怀念和观照，他走进苗族人民的生活，观察他们的民族节日和日常作息，并用一种当代的视角对这种生活进行审视和重新表达。,https://www.cernuschi.paris.fr/zh-hans/collections/collections/zhong-guo-guan-cang/xian-dang-dai-zhong-guo-zi-1911nian-qi/deux-femmes-miao
140,画作,王震,wangzhen,现当代中国,https://www.cernuschi.paris.fr/sites/default/files/content/images/lpdp_50143-11.jpg,这幅作品为王震成熟时期的作品。画中主要描绘两个罗汉站在陡峭的岩石之间的情景，左边较高处的罗汉向右边较低处的罗汉伸出手。王震虽出身贫寒，但最终凭借努力成为一名成功的商人。除了商人的身份外，他同时还是一名佛教居士和政治家，领导多个上海的慈善和宗教组织。作为任伯年（1840-1896）和吴昌硕（1844-1927）的学生，王震与他们私交甚好，一生创作了大量的绘画作品。师承吴昌硕的他，笔触强劲有力，颜色鲜明，并将此绘画技巧投入到肖像画中。作为虔诚的佛教徒，他笔下佛像及僧侣的形象生动有力。,https://www.cernuschi.paris.fr/zh-hans/collections/collections/zhong-guo-guan-cang/xian-dang-dai-zhong-guo-zi-1911nian-qi/deux-luohan-dans
141,工笔画,于非闇,yu fei an,现当代中国,https://www.cernuschi.paris.fr/sites/default/files/content/images/lpdp_40590-4_11.jpg,题跋：丁亥闰月假寓飬云轩乐寿堂玉兰辛夷怒放，因忆予友林君沪滨园林有二乔以本玉兰辛夷一树非接木盖异品也。爰制此图聊以志异，海棠耀目丁香满庭。非闇并记。,https://www.cernuschi.paris.fr/zh-hans/collections/collections/zhong-guo-guan-cang/xian-dang-dai-zhong-guo-zi-1911nian-qi/deux-oiseaux
142,石板画,朱德群,zhu de qun,现当代中国,https://www.cernuschi.paris.fr/sites/default/files/content/images/lpdp_85136-13.jpg,朱德群是20世纪后半叶的代表艺术家。他出生于1920年，求学于国立杭州艺术专科学校，师从林风眠，林风眠是致力于将西方现代性与中国传统艺术相融合的奠基人之一。求学之后，他先后在南京、台北任教，影响了一批抽象派艺术家。1955年，他来到法国，像许多其他的中国艺术家一样，经常出入大茅屋画室。然而，他艺术生涯的转变，主要得益于1956年发现了尼古拉·德·斯塔埃尔（1914-1955）。朱德群从此彻底转向抽象派创作。他在作品中融入了大量巴黎画派的造型艺术元素，如尼古拉·德·斯塔埃尔追求的色调均匀及汉斯·哈顿（1904-1989）追求的肢体语言的表现力。然而，直到上世纪60年代之后，他的作品才真正进入到巴黎的画派圈子中，并且他的作品中并没有丢弃学习中国传统艺术，无论是正式作品，还是采用着色技巧来再现风景的草图中，其中细微的色调转变使人自然而然联想到中国的水墨画及其他中国的绘画作品。正式这种完美的中西融合，使他一举成名，奠定了他在中国现代艺术领域的地位。此幅展品，是他生前出版的最后一部石板画集中的作品，体现了他晚年时期的艺术风格特征，作品中间大量的小的彩色斑点，点亮了由粗犷笔触组成的深暗背景。朱德群,https://www.cernuschi.paris.fr/zh-hans/collections/collections/zhong-guo-guan-cang/xian-dang-dai-zhong-guo-zi-1911nian-qi/encre-orageuse
143,画作,张大千,zhang da qian,现当代中国,https://www.cernuschi.paris.fr/sites/default/files/content/images/lpdp_39285-6.jpg,款识：少有道气，终兴俗违。乱山乔木，碧苔芳晖。乙酉七月初三日闻倭寇来降写此快极。大千居士爰。,https://www.cernuschi.paris.fr/zh-hans/collections/collections/zhong-guo-guan-cang/xian-dang-dai-zhong-guo-zi-1911nian-qi/ermite-dans-la
144,枫叶图,陈树人,chen shu ren,现当代中国,https://www.cernuschi.paris.fr/sites/default/files/content/images/lpdp_38778-10.jpg,枫叶图。题跋：三十六年冬，陈树人写。画家印：树人六十以后作。陈树人与高剑父（1879-1951）、高奇峰（1889-1933）共同开创了岭南画派。同高剑父一样，在19世纪末，陈树人也拜广东花鸟画大师居廉（1828-1904）为师。从1904年起，陈树人开始发表抨击清朝政府的文章。1905年，陈树人加入了孙中山（1866-1925）创立的同盟会。1906年，陈树人离开中国前往日本学习应用艺术和绘画，1912年回国，不久后重返日本，直至1916年。陈树人受到日本画派和西方绘画的影响很大，并与高剑父交往密切，并在其创立的《真相画报》发表文章。陈树人后加入国民党，并在其中十分活跃。1917年至1922年，陈树人任职于中华革命党美洲加拿大支部。回国后，陈树人继续在广东开展政治活动。在政治活动之余，陈树人也进行艺术创作。在其旅途中，创作了不少花鸟画来描绘沿途所见之景。上世纪30年代，其作品在中国和西方参展。同时，陈树人参加了许多不同画派之间关于艺术的讨论。在其晚年，陈树人致力于写作艺术理论著作和支持年轻画家，在上世纪40年代的艺术界享有盛名和权威。这幅枫叶图是陈树人的代表作。该幅作品表面上选用了十分传统的主题，然而实际上却是陈树人对这传统主题的重新阐释。画中的枫叶和树枝仿佛十分自然地与画面背景脱离开来。树枝互相交错，在画面中央形成一个十字。这样的手法在陈树人的其他作品中也很常见。另一幅菊花图创作于1947年，现藏于赛努奇博物馆。陈树人对于一些特定的主题十分偏爱采用亮丽的红色调。艺术史研究员李伟铭认为，在陈树人上世纪20年代创作的木棉花系列作品中，也采用了同样风格的色调。 枫叶与陈树人的家乡广东有着密切联系。陈树人创作了许多枫叶图，画面中经常会出现一只孤鸟的形象。根据相关研究，这样的场景首次出现在其1932年创作的作品中，象征着鸟在面对捕食者的软弱无力，也暗示着陈树人之子陈復（1907-1932）的谋杀案。这次谋杀很有可能是由届时广东军阀陈济棠（1890-1954）一手策划并实施。,https://www.cernuschi.paris.fr/zh-hans/collections/collections/zhong-guo-guan-cang/xian-dang-dai-zhong-guo-zi-1911nian-qi/feuilles-derable
145,画作,姚华,yao hua ,现当代中国,https://www.cernuschi.paris.fr/sites/default/files/content/images/lpdp_25904-20_10.jpg,姚华是上世纪初期北京艺术界和文学界的一位重要人物。从诗歌到戏剧，拓碑到书法，姚华皆有所涉猎。姚华接触绘画的时间较晚，然而他却在花鸟画、风景画和人物画都有所造诣，其中，他的人物画主要以佛教人物为主。,https://www.cernuschi.paris.fr/zh-hans/collections/collections/zhong-guo-guan-cang/xian-dang-dai-zhong-guo-zi-1911nian-qi/fleurs-dans-un
146,竹林田野图,吴冠忠,wuguan zhong ,现当代中国,https://www.cernuschi.paris.fr/sites/default/files/content/images/lpdp_29742-2.jpg,吴冠中求学时痴迷油画，其绘画技法的成熟也主要表现在油画领域。同时，他从年轻时便开始创作水墨画，并于70年代又回归到了水墨画的创作中来。因此，这两种绘画都是其作品的重要组成部分。对于吴冠中来说，绘画种类的转变也是其美学观念的转变。在水墨画中，吴冠中并未完全背离写实的手法，他在其画论中对这种手法进行了阐释和说明。上世纪80年代，他的创作逐渐转向抽象的绘画风格。,https://www.cernuschi.paris.fr/zh-hans/collections/collections/zhong-guo-guan-cang/xian-dang-dai-zhong-guo-zi-1911nian-qi/foret-de-bambous
147,画作,张大千,zhang daqian ,现当代中国,https://www.cernuschi.paris.fr/sites/default/files/content/images/lpdp_39240-2.jpg,款识：瑟瑟烟空按暗夏明，紫崖果上月痕生。深宵忽听霜林响，知是苍猿拗树声。乙酉年六月避暑昭觉寺临元人李升本。弘丘子爰,https://www.cernuschi.paris.fr/zh-hans/collections/collections/zhong-guo-guan-cang/xian-dang-dai-zhong-guo-zi-1911nian-qi/gibbon-dapres-li
148,画作,王震,wangzhen,现当代中国,https://www.cernuschi.paris.fr/sites/default/files/content/images/lpdp_50143-10.jpg,内容：这幅作品属于画家的晚年之作。画中的人物怀素是中国古代著名书法家之一，擅长草书，是中国历史上举足轻重的大师。陶谷（903-970）在讲述怀素生平时提及过，僧侣怀素在修隐之处种植了芭蕉，并在芭蕉叶上进行书法创作。这件轶事随后成为画家争相绘画的主题，其中任伯年尤其喜爱描绘这一场景。,https://www.cernuschi.paris.fr/zh-hans/collections/collections/zhong-guo-guan-cang/xian-dang-dai-zhong-guo-zi-1911nian-qi/huaisu-ecrivant
149,风景画,林风眠,lin feng mian ,现当代中国,https://www.cernuschi.paris.fr/sites/default/files/content/images/38740-6_10.jpg,林风眠曾在回忆录中提及他于1959年初游黄山的经历，很有可能他曾多次为这次创作画过草图。然而直到1977年，林风眠前往香港之后，黄山才成为他主要的创作对象。林风眠在上世纪80年代创作了一系列以黄山为主题的作品，在这些作品中，他对自己50年代以及60年代风景画的风格又进行了创新。他在该系列作品中对风景轮廓进行简化，以达到写意的效果，其中色彩对比鲜明，气势恢宏。,https://www.cernuschi.paris.fr/zh-hans/collections/collections/zhong-guo-guan-cang/xian-dang-dai-zhong-guo-zi-1911nian-qi/huangshan-huang
150,树下的年轻女子,庞薰琹,pang xun qin,现当代中国,https://www.cernuschi.paris.fr/sites/default/files/content/images/lpdp_38780-18.jpg,款识：庞薰琹。印章：虞山人（朱文）。上世纪30年代末，庞薰琹的绘画风格发生了很大的转变。在中日战争爆发后，庞薰琹前往了中国西南部，这段经历深刻影响了他的艺术创作。届时的庞薰琹还是一位城市画家，他著名的双连画作品也是以上海和巴黎为主题的，而因为这次变动，他转向了乡村风光。庞薰琹被派往贵州搜集中国古代装饰纹样和云南少数民族民间艺术，期间，他对当地的生活方式产生了浓厚兴趣，并在创作中表现了出来。尽管这些作品细致地描绘了少数民族服饰和纹饰图案，然而却不仅仅只是简单的资料搜集和记录。其中一些作品描绘了当地少数民族的聚居生活，尽管例如赛努奇博物馆的《苗族母女》描绘了两位人物，这一时期庞薰琹大部分的作品还是以单独的女性为对像进行创作。诸如苏立文和妻子吴环收藏的《信》和赛努奇博物馆收藏的《树下的年轻女子》等作品，采用浪漫主义手法，庞薰琹在创作中融入了自己的情感和思考。除开画中描绘的西南地区较为单调的景色和苗族特有的民族服饰，图中女子的形象与庞薰琹在30年代初创作的油画中的人物还有着几分相似。通过比较庞薰琹20世纪初的油画作品与其创作的水墨画，可以发现这位艺术家创作的另一大特点，即其对人体形体的表现和追求。这一特点在其油画中尤为明显，并潜移默化地影响了庞薰琹战争期间的创作。正如他在那幅《唐舞女图》中题跋中提到的，他的这种创作既不是对中国传统绘画的继承，也不是受西方绘画的影响。,https://www.cernuschi.paris.fr/zh-hans/collections/collections/zhong-guo-guan-cang/xian-dang-dai-zhong-guo-zi-1911nian-qi/jeune-fille-sous
151,画作,白明,bai ming ,现当代中国,https://www.cernuschi.paris.fr/sites/default/files/content/images/lpdp_85136-12_10.jpg,白明是近代中国对陶瓷艺术进行革新的先锋艺术家之一，他将中国传统艺术与现代性相结合，这样的理念也成了中国现当代艺术创作的中流砥柱。白明出生于江西余干，该地距离景德镇仅一百多米，1994年毕业于中央美术学院，随后考入清华大学。现在，白明任教于清华大学，由于清华大学在中国的名声与影响，白明也得以对整个中国艺术界产生了较大的影响。,https://www.cernuschi.paris.fr/zh-hans/collections/collections/zhong-guo-guan-cang/xian-dang-dai-zhong-guo-zi-1911nian-qi/la-culture-rongee
152,喜鹊图,齐白石,qi baishi,现当代中国,https://www.cernuschi.paris.fr/sites/default/files/content/images/35007-12_10.jpg,在齐白石丰富的绘画作品中，他创作的花鸟画地位尤其特殊。花鸟画一直贯穿齐白石整整七十年的绘画生涯，期间他不断对绘画风格进行创新和改变。齐白石曾师从胡沁园学习书画，其绘画中用以描绘鸟和昆虫的笔法便深受胡沁园影响。后来于世纪之交时期，齐白石的绘画开始向八大山人（1626-1705）水墨写意的风格转变。而齐白石于上世纪20年代创作的花鸟画则富有其个人独特的创作风格，这一时期的作品在今天也被视为齐白石的代表作。,https://www.cernuschi.paris.fr/zh-hans/collections/collections/zhong-guo-guan-cang/xian-dang-dai-zhong-guo-zi-1911nian-qi/la-pie
153,陶瓷,白明,bai ming ,现当代中国,https://www.cernuschi.paris.fr/sites/default/files/content/images/lpdp_85136-2.jpg,从白明第一批创作的陶瓷作品开始，可以将他的作品划分为显著的两种风格。一方面，在白明的陶瓷作品中，轮廓线条与装饰风格都深受东方陶瓷艺术的浸染，其中既包括中国的陶瓷艺术，也不乏日本的陶瓷艺术。他借鉴运用了景德镇的陶瓷制作工艺，部分作品继续采用古代陶瓷的外形，装饰纹样依旧选用蓝色或红色的釉下彩。然而，白明对色彩的分层进行了改变，在外观上采用壶形，并添加了一些新的装饰纹样，图案形象突出，多用自然图景，采用单线条勾勒，图案往往较为零碎，主要用于装饰作用。正是通过这些新的创作手法，白明对传统中国陶瓷艺术进行了深刻的创新。,https://www.cernuschi.paris.fr/zh-hans/collections/collections/zhong-guo-guan-cang/xian-dang-dai-zhong-guo-zi-1911nian-qi/la-plus-grande
154,牛鬼蛇神,徐悲鸿,xu bei hong,现当代中国,https://www.cernuschi.paris.fr/sites/default/files/content/images/lpdp_38783-8.jpg,牛鬼蛇神：题跋：牛鬼蛇神。公鸡与竹。题跋：癸未岁尽悲鸿写。动物一直是徐悲鸿创作中的重要主题。除了其著名的奔马图，以其他动物为主题的绘画也是徐悲鸿的代表作，他在创作中常采用现实主义的写实手法，同时又富有象征意。徐悲鸿在欧洲求学期间，研习素描，并经常进行动物形体的绘画训练。徐悲鸿逼真地呈现动物的形体，精确地把握形体的比例，并尤其注意捕捉动物在运动中的肢体形态。此外，徐悲鸿十分欣赏法国画家让·弗朗索瓦·米勒和罗莎·博纳尔以及巴比松画派的绘画，并尤其喜爱那些描绘乡村生活的现实主义绘画作品，而在这些作品中，动物的形象往往有着重要地位。徐悲鸿将西方油画技艺与中国绘画相结合，对传统绘画中的动物形象进行了创新。自1936年起，徐悲鸿对传统绘画中的水牛形象进行了再创作，以写实的手法描绘水牛，而以较为写意的手法描绘画面背景。在一幅现藏于徐悲鸿纪念馆的作品中，牛绳的一头被水牛拉着，而另一头则被草丛中的放牛娃牵着，牛绳被拉得直直的，徐悲鸿通过这样的手法巧妙地表现了水牛的力气之大。这幅作品创作于上述作品的七年之后，画面布局较为相似，然而，在绘画风格上却有所转变。这幅作品是徐悲鸿1943年在游经洞道观时绘制的，画中描绘的牛是道家宗师老子的坐骑，性情温和，面容安详。画面中牛低首看着地上冲其而来的蛇，极富象征意，结合当时的时代背景，很容易让人联想到日本对中国的侵略。徐悲鸿曽于1939年创作一幅类似的作品，画中描绘了狮子和蛇相对抗的情景，则毫无疑问是对时代背景的反映，画中受伤的狮子很明显象征着从1937年被日本侵略的中国。而另一幅作品中公鸡，在传统中是吉祥的象征，在同样的时代背景下也带有政治寓意。在中日战争爆发的年代，徐悲鸿从一首描绘雄鸡在寺庙中鸣叫的古诗中得到灵感，创作了这幅雄鸡和竹的作品。徐悲鸿在画中呼吁国人起来抵御日本的侵略，其大部分在这个时期创作的作品都带有深厚的爱国主义情绪。这幅作品中公鸡昂首挺胸的雄姿便是对徐悲鸿爱国情怀最好的注解。,https://www.cernuschi.paris.fr/zh-hans/collections/collections/zhong-guo-guan-cang/xian-dang-dai-zhong-guo-zi-1911nian-qi/le-demon-buffle
155,书法作品,魏立刚,wei li gang,现当代中国,https://www.cernuschi.paris.fr/sites/default/files/content/images/lpdp_84735-1_10.jpg,魏立刚吸收借鉴中国传统艺术，是近代推动中国书法革新首屈一指的代表人物。他不仅绘画技艺精湛，而且书法成就了得。,https://www.cernuschi.paris.fr/zh-hans/collections/collections/zhong-guo-guan-cang/xian-dang-dai-zhong-guo-zi-1911nian-qi/les-goelands-se
156,画作,齐白石,qi baishi,现当代中国,https://www.cernuschi.paris.fr/sites/default/files/content/images/lpdp_38778-11.jpg,整幅画作结构灵巧，鲜艳的朵朵红花点缀着深浅不一的黑色墨迹。这种大胆的用色随后成为齐白石作品的象征。在1917年到达北京后，齐白石在陈师曾的引荐下与吴昌硕相识。吴昌硕擅长运用西洋红来绘制红杏花，对传统水墨画进行创新。他是齐白石在20年代转变绘画方式的主要启蒙者之一。很快，红花墨叶的鲜明对比就成为齐白石作品的一大特色。正如一幅收藏于北京中央美术学院的作品表现的那样，直接用红色颜料绘出花冠的形状，不以轮廓勾勒的技巧，将喇叭形状的花冠表现地惟妙惟肖。此展品中花瓣呈现出鲜红色，相比之下稍显淡雅，墨叶深浅不一，留下绘画过程的痕迹：墨汁与颜料二者在此完美融合。,https://www.cernuschi.paris.fr/zh-hans/collections/collections/zhong-guo-guan-cang/xian-dang-dai-zhong-guo-zi-1911nian-qi/liserons-rouges
157,秋日败莲图,齐白石,qi baishi,现当代中国,https://www.cernuschi.paris.fr/sites/default/files/content/images/38965-2_10.jpg,齐白石的作品极具中国传统水墨画的特点，创作主要涉及风景画、花鸟画、人物画。同时，齐白石尤其善画蟹和虾，这大大拓宽了他的创作领域，且具有丰富的个人色彩。另一方面，虽然诸如莲花等主题是画家笔下的常客，但这幅莲花图让我们加深了对齐白石花画的理解。,https://www.cernuschi.paris.fr/zh-hans/collections/collections/zhong-guo-guan-cang/xian-dang-dai-zhong-guo-zi-1911nian-qi/lotus-rouges
158,荷花图,张大千,zhang daqian ,现当代中国,https://www.cernuschi.paris.fr/sites/default/files/content/images/lpdp_40635-7.jpg,款识：明月曾呼白玉盘，多情更照玉阑干。香吹一夜西风满，水殿罗衣作许寒。乙未重九后堂东部忍池上忆年时晨夕散步晴香袭人襟袖，揣度东坡水殿风来之句使人意。？？则败叶满池矣。,https://www.cernuschi.paris.fr/zh-hans/collections/collections/zhong-guo-guan-cang/xian-dang-dai-zhong-guo-zi-1911nian-qi/lotus-sous-le
159,母性（雕塑）,王克平,wang ke ping,现当代中国,https://www.cernuschi.paris.fr/sites/default/files/content/images/lpdp_75291-2_10.jpg,该作品呈现的是一位母亲和她幼小的孩子。通过这件雕塑作品，艺术家王开平试图深入并解析家庭生活中的亲情。该木质雕塑顶部很容易让人联想到人身体的头部，而下面的管状部分则代表着身体。在头部下面，是被母亲的胳膊搂在怀中的孩童，作品中用来塑造胳膊的空间十分有限，孩童蜷缩在母亲的怀里。这件雕塑作品是王开平的代表作，展现了其抽象艺术高超的技艺。在这件作品极简的造型中，王开平通过浑然一体的外形，雕塑凹凸不定的平面，独特的色调，成功地呈现了母亲对子女感人肺腑的爱。,https://www.cernuschi.paris.fr/zh-hans/collections/collections/zhong-guo-guan-cang/xian-dang-dai-zhong-guo-zi-1911nian-qi/maternite
160,画作,常玉,chang yu,现当代中国,https://www.cernuschi.paris.fr/sites/default/files/content/images/lpdp_50143-2_10.jpg,内容：常玉出生于四川省。他出身于书香门第，家境殷实，家族产业在现代化工业的发展背景下不断累积。他很早就离家前往西方国家寻找艺术创作灵感。先是于1918年至1919年期间在日本停留，随后于1921年去到欧洲。,https://www.cernuschi.paris.fr/zh-hans/collections/collections/zhong-guo-guan-cang/xian-dang-dai-zhong-guo-zi-1911nian-qi/nu-assis
161,红浴衣的裸女,潘玉良,pan yu liang,现当代中国,https://www.cernuschi.paris.fr/sites/default/files/content/images/lpdp_38970-1_11.jpg,裸女：款识：玉良。红浴衣的裸女。款识：玉良。印章：玉良（白文）。上世纪50年代初，潘玉良既研习西方油画作品，同时又精通中国山水画，这两者的交融使其逐渐形成了自己特有的绘画风格。潘玉良独特绘画风格的形成在于其对水墨画、油画、水粉画都很擅长，并对雕刻和雕塑艺术也颇有见地。在裸女图中，她借用水墨画的手法，来勾勒裸女身体的轮廓线，显得轻盈灵巧，富有变化。相反，在潘玉良创作的《浴后图》（藏于吉美博物馆，编号AM3371P）和《红浴衣的裸女》两幅作品中，裸女的身形突出，则是借鉴了油画的技巧，很明显地与《坐着的裸女》形成了鲜明的对比。画面背景色彩富有活力，并运用晕线，使得画面不同部位色彩厚度有所差异，突出了画中人物，这样的视觉效果仿佛让人以为这件作品是用画纸进行绘画，而并非画在油画的画布上。这三幅裸女图都创作于50年代，其中《浴后图》于1955年成为法国国家艺术藏品，《坐着的裸女》于1958年成为巴黎市艺术藏品。《坐着的裸女》由郭有守和zhoulin捐赠，由此可以看出潘玉良在巴黎艺术领域的影响力。郭有守凭借其在外交部工作的身份和人脉，为其不少艺术家好友争取到了举办画展的机会。他本人还捐赠了不少艺术作品，其中就包括潘玉良所做的张大千的半身像，现藏于巴黎现代艺术博物馆。Zhoulin时任中国在法艺术家协会会长，同时也是一位出版商。当时在法的中国知识分子十分赏识潘玉良的作品，另一方面，潘玉良本人却对当时的艺术市场知之甚少，直到上世纪60年代，她才开始涉足其中。,https://www.cernuschi.paris.fr/zh-hans/collections/collections/zhong-guo-guan-cang/xian-dang-dai-zhong-guo-zi-1911nian-qi/nu-assis-au
162,画作,常玉,chang yu,现当代中国,https://www.cernuschi.paris.fr/sites/default/files/content/images/lpdp_50143-3_10.jpg,内容：常玉是四川省南充人。他出身于书香门第，家境殷实，且家族产业在现代化工业的发展背景下不断累积，他很早就离家前往西方国家寻找艺术创作灵感。先是于1918年至1919年期间在日本停留，随后于1921年去到欧洲。与同时代的画家林风眠和徐悲鸿一样，他在柏林待过一段时间，随后决定在巴黎创建艺术学院。通过1920年末庞薰琹对大茅舍艺术学院的回忆，可以看出常玉是如何为此画室倾注心血，他所创作的水墨画影响了大批当时活跃在巴黎的年轻艺术家。,https://www.cernuschi.paris.fr/zh-hans/collections/collections/zhong-guo-guan-cang/xian-dang-dai-zhong-guo-zi-1911nian-qi/nu-debout
163,豹图,常玉,chang yu,现当代中国,https://www.cernuschi.paris.fr/sites/default/files/content/images/lpdp_50143-4.jpg,内容：这幅版画描绘了一只身体转向右侧，抬起头部和左爪的豹。与另一幅曾于2004年在吉美博物馆展出的作品同属一个系列。,https://www.cernuschi.paris.fr/zh-hans/collections/collections/zhong-guo-guan-cang/xian-dang-dai-zhong-guo-zi-1911nian-qi/panthere
164,山水画,黄宾虹,huang bin hong,现当代中国,https://www.cernuschi.paris.fr/sites/default/files/content/images/lpdp_27177-3.jpg,黄宾虹生于浙江金华，祖籍安徽。少时随父亲返回安徽歙县。黄宾虹从小念书诵经，以图通过科举踏入仕途，读书之余，尤其爱好金石书画。黄宾虹不满当时清政府的落后腐朽，成为了反清革命党人的一员，并在1907年离开安徽，前往四川避难。黄宾虹后参加由经亨颐和陈树人创办的寒之友社，并在其中进行绘画创作和撰写画论。黄宾虹对于古代绘画和书法的研究与其在杂志和报社的经历紧密相关。其中最著名要数其选编的《美术丛书》。因其在书画领域的权威，故宫博物馆曾于1936年邀请黄宾虹对书画作品进行鉴定。除了艺术著作和相关出版物，黄宾虹还在战时授教于国立北平艺术专科学校，并从1948年开始在国立杭州艺术专科学校授课，其对中国艺术的贡献可见一斑。,https://www.cernuschi.paris.fr/zh-hans/collections/paysage-1
165,油画,朱德群,zhu de qun,现当代中国,https://www.cernuschi.paris.fr/sites/default/files/content/images/38740-7_10.jpg,朱德群研习绘画多年，与中国传统的水墨画一直保持着某种联系，并不断继承和发扬水墨画。然而，由于各式各样的原因，朱德群创作中的传统要素更多的体现于他工作室的创作中。上世纪30年代，朱德群进入国立杭州艺术专科学校学习。当时，他在学校主要学习西方油画，而较少地接触到中国传统绘画。上世纪50年代，朱德群在巴黎接触到了非形象派的绘画，并受其影响创作了一批油画，而油画同时也一直是朱德群偏爱的一种绘画形式。虽然朱德群一直从中国传统的水墨画汲取灵感，但在很长一段时间，他都与这种中国的传统绘画保持着距离。,https://www.cernuschi.paris.fr/zh-hans/collections/collections/zhong-guo-guan-cang/xian-dang-dai-zhong-guo-zi-1911nian-qi/paysage-abstrait
166,山水画,溥儒,pu ru,现当代中国,https://www.cernuschi.paris.fr/sites/default/files/content/images/lpdp_40634-10.jpg,款识：连雨响寒夕，木叶有兴音。华冶凝清光，残荷辞翠禽。中庭遽已静，微风扬素襟。白卉变秋节，蟋蟀林下鸣。雝雝南飞雁，寄寄江水心。文衡山有此图，山居无事偶师其意并录旧作秋日山居诗。丁亥六月，西山逸士傅濡画于湖上并识。,https://www.cernuschi.paris.fr/zh-hans/collections/collections/zhong-guo-guan-cang/xian-dang-dai-zhong-guo-zi-1911nian-qi/paysage-dapres
167,孔雀,魏立刚,wei li gang,现当代中国,https://www.cernuschi.paris.fr/sites/default/files/content/images/lpdp_85136-24.jpg,魏立刚是一位极具代表性的传统而又自出新意的艺术家。尽管绘画占据他的作品的大多数，但他书法家的身份仍然不容忽视。,https://www.cernuschi.paris.fr/zh-hans/collections/collections/zhong-guo-guan-cang/xian-dang-dai-zhong-guo-zi-1911nian-qi/peacock
168,小鸡图,齐白石,qi baishi,现当代中国,https://www.cernuschi.paris.fr/sites/default/files/content/images/lpdp_40635-6.jpg,齐白石生于湖南湘潭星斗塘。其出生贫寒，早年曾学习雕花木工，这样的经历使其对中国传统艺术中花饰颇有心得。学徒阶段结束后，齐白石一边做木工，一边研习《芥子园画传》，开始自学绘画。随后，拜民间艺人萧芗陔为师学画肖像。1889年开始，齐白石为人作肖像养家。齐白石拜胡沁园（？-1914）为师，学习工笔画。这些技法在齐白石后来的花画与虫画中都有所体现。齐白石自1895年至20世纪20年代一直钻研花鸟和虫鱼绘画，并于20年代定居北京。在1902年至1909年，齐白石遍访西安、桂林、广东等地。游历途中，齐白石尽观名家书画，结识各派画家，其创作风格也发生了改变。在绘画上，齐白石宗法八大山人（1626-1705），金农（1687-1764）、徐渭（1521-1593）等绘画大家；在篆刻上，以赵之谦（1829-1884）为师。在这些大家的影响下，齐白石逐渐摆脱了之前细腻精致的绘画风格。然而，直到1917年，齐白石奔赴北京，并结识了陈师曾，其个人绘画风格才开始显现。陈师曾在很大程度上影响了齐白石的绘画，同时，陈师曾对吴昌硕很是推崇，而且通过陈师曾，齐白石还结识了陈半丁和姚华等人，他们都对齐白石产生过影响，自此,https://www.cernuschi.paris.fr/zh-hans/collections/collections/zhong-guo-guan-cang/xian-dang-dai-zhong-guo-zi-1911nian-qi/petits-poussins
169,圣殇,林风眠,lin feng mian ,现当代中国,https://www.cernuschi.paris.fr/sites/default/files/content/images/lpdp_39211-6.jpg,在林风眠的绘画和写作中，痛苦这一主题一直占有重要地位。自1927年发表《致全国艺界书》以来，林风眠一直致力于将人类情感融入绘画创作中，尤其是人类的痛苦，引起了林风眠的格外关注。他于1929年创作的《痛苦》便集中反映了这一主题。人类痛苦这一主题贯穿了林风眠一生的创作生涯，一直到上世纪80年代。林风眠以基督教中的人物为绘画主题，使其悲天悯人的情感得到了充分表达。该系列的作品主要创作于林风眠晚年时期，诸如1978年创作的《圣殇》、1988年创作的《基督》等作品。,https://www.cernuschi.paris.fr/zh-hans/collections/collections/zhong-guo-guan-cang/xian-dang-dai-zhong-guo-zi-1911nian-qi/pieta
170,鸠栖花图,陈之佛,chen zhi fo,现当代中国,https://www.cernuschi.paris.fr/sites/default/files/content/images/lpdp_38778-5.jpg,李子图：款识：雪翁。印章：1.陈之佛印（白文）2.雪翁（朱文）3.心即是佛（朱文）。陈之佛和于非闇创作的花鸟工笔画宗法宋朝花鸟画，并使宋朝的花鸟画再次得到了艺术家的关注。陈之佛求学时曾研习过日本绘画和西方水彩画，他的花鸟工笔画也深受其影响。图中李树的树干采用了中国传统绘画中的积水法，然而这种技法很有可能是陈之佛从日本绘画中习得的。在日本，该技法被称为tarashikomi，由日本画派琳派发扬光大。而陈之佛曾对不同文明的装饰图案进行过研究，并在其相关著述中有所提及。因此，很有可能他是从日本绘画中借鉴了积水法。而陈之佛艺术风格的独特之处在于其将写意与写实手法相互结合，各取所长，鸠栖花图便是其中的典型。在该画中，画家以积水华描绘树身，效果写意，而以细腻写实的笔法勾勒鸠身的轮廓线，两种技法相映成趣，交相呼应。,https://www.cernuschi.paris.fr/zh-hans/collections/collections/zhong-guo-guan-cang/xian-dang-dai-zhong-guo-zi-1911nian-qi/pigeons-et-fleurs
171,白牡丹图,常玉,chang yu,现当代中国,https://www.cernuschi.paris.fr/sites/default/files/content/images/lpdp_53742-1.jpg,同动物画与裸女画一样，花也一直是常玉绘画中的常见主题。常玉画的花兼具中国传统花鸟画的底蕴和西方静物画的传神，并体现出了上世纪30年代至50年代其绘画风格的深刻转变。实际上，从上世纪40年代起，常玉便舍弃了其年轻时偏爱的圆花束的形象和艳丽的色彩，转而描绘一些插在花瓶里的花，诸如莲花、牡丹、喜林芋等。常玉经常以巧妙的构图来描绘这些花的长茎。在这一时期，常玉也开始采用一些暗淡色进行创作,https://www.cernuschi.paris.fr/zh-hans/collections/collections/zhong-guo-guan-cang/xian-dang-dai-zhong-guo-zi-1911nian-qi/pivoines-blanches
172,兰亭集序书法,沈尹默,shen yin mo,现当代中国,https://www.cernuschi.paris.fr/sites/default/files/content/images/lpdp_38779-2.jpg,这幅兰亭集序书法是沈尹默的代表作。在整整一个世纪之中，碑拓学一直对书法艺术有着重要影响。在20世纪初期，书法家和艺术理论家康有为也是其的重要推崇者。在这样的背景下，沈尹默创作的兰亭集序似乎是对当时主流思想的背离。除了宗法王羲之，沈尹默的书法兼收并蓄多位书法大家的风格与技法，诸如唐代的褚遂良（596-658），宋代的黄庭坚和米芾。其创作同时也是一种对古代书法风格的复兴。,https://www.cernuschi.paris.fr/zh-hans/collections/collections/zhong-guo-guan-cang/xian-dang-dai-zhong-guo-zi-1911nian-qi/preface-au
173,画作,傅抱石,fu bao shi,现当代中国,https://www.cernuschi.paris.fr/sites/default/files/content/images/cer38780-3_1_0.jpg, 注册和签名：帝王輕濄眼，宇宙是何郷？新喻傅抱石。画家的印章：: 1.  抱石之印 (白文) 2. 其命惟新 (朱文)。翻译：皇室已经在我们眼前过去了，我们如何定位无限空间？新余的傅宝石。闭上眼睛，躺在船底的人沉入水中。在他周围，一幅模糊的风景随着画笔而变形。在创作这幅图像时，画家试图尽可能接近郑隋诗句的精神，他在构图的边缘注意到了这些诗句。这幅画是傅宝石创作模式的典范，他采用了诗意循环、文本或简单的诗句，并在研究过程结束时提供了一种绘画解释，如果我们相信他自己的证词，这一过程通常是漫长而艰难的。在1942年重庆展览的序言中，傅宝石肯定了他对郑隋诗句的喜爱。与此同时，他承认在描绘他们时可能遇到的困难，在创作出他认为“体面”的作品之前，他创作了许多绘画作品，尽管低于他为自己设定的目标。保存在塞尔努希博物馆的这幅画很可能是在战争的最后几年，在1942年序言中提到的作品之后创作的。一些描绘这一主题的绘画作品是在战后年代创作的。考虑到这些作品，也围绕着一个梦想家的形象创作，Cernuschi博物馆的绘画以其大格式而闻名，这使得空间呈现更具启发性。,https://www.cernuschi.paris.fr/zh-hans/collections/collections/zhong-guo-guan-cang/xian-dang-dai-zhong-guo-zi-1911nian-qi/reveur
174,水墨画,马德升,ma de sheng,现当代中国,https://www.cernuschi.paris.fr/sites/default/files/content/images/lpdp_81933-2.jpg,马德升在1986年移居巴黎前，为“星星画会”成员，这是后毛泽东时代第一个艺术团体。创作于1990年及1991年的这两幅水墨画正展现了这种艺术风格，这也是80年代以来备受推崇的艺术题材。笔触浓墨，拒绝传统学院派的教条，别具一格的风景与裸女形象，具有明显的性暗示，表现出马德升希望在传统水墨画的基础上，创新技法与绘画主题的意愿。,https://www.cernuschi.paris.fr/zh-hans/collections/collections/zhong-guo-guan-cang/xian-dang-dai-zhong-guo-zi-1911nian-qi/sans-titre
175,巨石画,马德升,ma de sheng,现当代中国,nan,马德升于1986年定居巴黎，此前，他是星星画会的创始人之一，这是第一个后毛泽东时期的先锋艺术团体，以追求自由，注重自我表现著称。从2002年开始，马德升以丙烯作画，并主要以表情挑逗的女性和巨石为主题。其中，马德升的巨石画常常以石块叠成人物的轮廓，层层组叠的图案生动而富有表现力，且色彩对比强烈。画面中石头的纹理则承袭了传统水墨画中的稳健笔墨。,https://www.cernuschi.paris.fr/zh-hans/collections/collections/zhong-guo-guan-cang/xian-dang-dai-zhong-guo-zi-1911nian-qi/sans-titre-2012
176,篆书对联,姚华,yao hua ,现当代中国,https://www.cernuschi.paris.fr/sites/default/files/content/images/lpdp_25905-4_10.jpg,姚华生于贵州省贵阳。其一直希望走上仕途，并在1904年考中进士，后来被派往日本东京的政法大学学习经济。归国后，姚华继续在朝廷担任官职。1911年清朝覆灭，姚华则全身心地投入到教育事业中。他在北京多所大学教授文学与书法，并担任北京女子师范大学校长。姚华学识渊博，兴趣广泛，精通诗歌、戏剧、拓碑、书法和绘画等。在上世纪上半叶，姚华在北京艺术领域和文学领域都颇有建树，并结交了画家陈世增（1878-1926）、金石派画家王云（1888-1934）和陈半丁（1876-1970）。1926年，姚华患脑溢血，愈后左臂致残瘫痪，但仍坚持创作。我们可以发现姚华有相当部分的作品署名为“姚华残臂”，这些作品即为这个时期所创作。1930年，姚华病逝。,https://www.cernuschi.paris.fr/zh-hans/collections/collections/zhong-guo-guan-cang/xian-dang-dai-zhong-guo-zi-1911nian-qi/sentences
177,风暴,傅抱石,fu baoshi,现当代中国,https://www.cernuschi.paris.fr/sites/default/files/content/images/lpdp_38780-1.jpg,傅抱石，江西南昌人，曾在景德镇做过短时间的学徒，随后进入中学念书。傅抱石对绘画的实践很大程度上源于自学，在1925年第一次在画上署名为抱石。傅抱石青年时期主要研习古代画论。傅抱石第一批关于中国绘画史的著作一经出版，便得到了画家徐悲鸿的赏识，随后1933年至1936年期间，傅抱石赴日深造。这段时期，他主要研究顾恺之和石涛的绘画。除了绘画史研究和翻译工作以外，1934年，傅抱石在东京举行了第一次个人画展。他在中日战争爆发前夕回到国内，并在江西故居定居，随后1939年至1945年，在重庆避难。这段时期，他逐渐由绘画研究转向了具体创作。1942年，傅抱石在重庆举办个人画展，作品主要表现了其独特的创作风格，并和一些文学主题相结合。1940年，傅抱石曾执教于中央大学，随后1946年，中央大学迁回南京，傅抱石也一并回到南京。1949年新中国成立以后，傅抱石以毛泽东（1893-1976）的诗歌为主题创作了许多作品。1959年，傅抱石同样以毛泽东的诗歌为题材，为全国人民代表大会创作了一幅绘画作品，该幅作品也体现了傅抱石的政治倾向。傅抱石晚年作品多以其在罗马尼亚以及捷克共和国的旅行为主题。,https://www.cernuschi.paris.fr/zh-hans/collections/collections/zhong-guo-guan-cang/xian-dang-dai-zhong-guo-zi-1911nian-qi/tempete
178,杨贵妃画像,张大千,zhang daqian ,现当代中国,https://www.cernuschi.paris.fr/sites/default/files/content/images/40634-17_10.jpg,款识：开元中，岭南献白鹦鹉养之宫中。岁久颇聪慧洞晓言词上及贵妃皆乎雪衣娘。上今以近代词臣诗篇授之，数遍便可讽诵。上每与贵妃及诸王博戏，上稍不胜，左右乎雪衣娘，必飞入居中鼓舞，以乱其行列，或啄嫔御及诸王手，石不能争道。,https://www.cernuschi.paris.fr/zh-hans/collections/collections/zhong-guo-guan-cang/xian-dang-dai-zhong-guo-zi-1911nian-qi/yang-guifei
